Strategy,Entry,Exit,PnL,Type
GoldMasterGrid,5336.79,5334.79,-0.02268632,short
GoldMasterGrid,5335.76,5333.76,-0.022678080000000007,short
GoldMasterGrid,5332.75,5330.75,-0.022654000000000004,short
GoldMasterGrid,5326.09,5328.09,-0.022616720000000003,long
GoldMasterGrid,5332.85,5330.85,-0.022654800000000006,short
GoldMasterGrid,5335.0,5333.0,-0.022672,short
GoldMasterGrid,5333.15,5335.15,-0.022673199999999994,long
GoldMasterGrid,5335.47,5337.47,-0.022691760000000002,long
GoldMasterGrid,5338.01,5336.01,-0.022696080000000004,short
GoldMasterGrid,5341.54,5343.54,-0.022740319999999998,long
GoldMasterGrid,5350.45,5352.45,-0.022811600000000005,long
GoldMasterGrid,5360.94,5362.94,-0.02289552,long
GoldMasterGrid,5361.4,5363.4,-0.022899199999999998,long
GoldMasterGrid,5358.86,5360.86,-0.022878879999999994,long
GoldMasterGrid,5352.48,5354.48,-0.02282784,long
GoldMasterGrid,5350.88,5352.88,-0.022815040000000005,long
GoldMasterGrid,5352.66,5354.66,-0.022829279999999997,long
GoldMasterGrid,5355.75,5357.75,-0.022854000000000003,long
GoldMasterGrid,5360.27,5362.27,-0.02289016000000001,long
GoldMasterGrid,5354.86,5356.86,-0.022846880000000003,long
GoldMasterGrid,5356.07,5358.07,-0.02285656,long
GoldMasterGrid,5354.0,5356.0,-0.022840000000000003,long
GoldMasterGrid,5354.25,5356.25,-0.022842000000000005,long
GoldMasterGrid,5355.0,5357.0,-0.022848000000000004,long
GoldMasterGrid,5364.81,5362.81,-0.022910480000000007,short
GoldMasterGrid,5338.75,5340.75,-0.022718000000000006,long
GoldMasterGrid,5339.62,5341.62,-0.022724960000000006,long
GoldMasterGrid,5342.22,5344.22,-0.022745760000000007,long
GoldMasterGrid,5353.82,5351.82,-0.022822559999999995,short
GoldMasterGrid,5357.3,5355.3,-0.022850400000000003,short
GoldMasterGrid,5358.45,5356.45,-0.022859599999999997,short
GoldMasterGrid,5339.96,5341.96,-0.022727680000000004,long
GoldMasterGrid,5342.35,5344.35,-0.022746800000000008,long
GoldMasterGrid,5341.45,5343.45,-0.022739600000000002,long
GoldMasterGrid,5346.0,5344.0,-0.02276,short
GoldMasterGrid,5344.15,5342.15,-0.022745199999999997,short
GoldMasterGrid,5336.42,5338.42,-0.022699360000000005,long
GoldMasterGrid,5345.29,5343.29,-0.022754319999999998,short
GoldMasterGrid,5345.78,5343.78,-0.022758240000000002,short
GoldMasterGrid,5340.9,5342.9,-0.0227352,long
GoldMasterGrid,5340.57,5342.57,-0.022732560000000002,long
GoldMasterGrid,5345.79,5343.79,-0.022758320000000002,short
GoldMasterGrid,5347.76,5345.76,-0.022774080000000006,short
GoldMasterGrid,5357.57,5355.57,-0.022852559999999997,short
GoldMasterGrid,5354.8,5352.8,-0.022830400000000004,short
GoldMasterGrid,5357.25,5355.25,-0.02285,short
GoldMasterGrid,5358.32,5356.32,-0.022858559999999997,short
GoldMasterGrid,5348.8,5350.8,-0.0227984,long
GoldMasterGrid,5348.86,5350.86,-0.022798880000000004,long
GoldMasterGrid,5349.53,5351.53,-0.02280424,long
GoldMasterGrid,5352.16,5354.16,-0.02282528,long
GoldMasterGrid,5354.57,5352.57,-0.02282856,short
GoldMasterGrid,5350.85,5352.85,-0.022814800000000007,long
GoldMasterGrid,5350.83,5352.83,-0.02281464,long
GoldMasterGrid,5343.33,5341.33,-0.02273864,short
GoldMasterGrid,5336.76,5338.76,-0.022702080000000003,long
GoldMasterGrid,5340.91,5338.91,-0.022719280000000005,short
GoldMasterGrid,5336.88,5338.88,-0.022703040000000004,long
GoldMasterGrid,5339.14,5337.14,-0.022705120000000006,short
GoldMasterGrid,5336.55,5334.55,-0.022684400000000004,short
GoldMasterGrid,5334.28,5336.28,-0.022682240000000003,long
GoldMasterGrid,5333.9,5028.71,-3.0933504399999965,long
LiquidityHunter2026,5336.79,5331.79,-0.083406888,long
LiquidityHunter2026,5332.34,5337.34,-0.083410848,short
LiquidityHunter2026,5337.6,5352.6,0.09651527999999998,long
LiquidityHunter2026,5353.33,5348.33,-0.083525976,long
LiquidityHunter2026,5341.8,5336.8,-0.08344296,long
LiquidityHunter2026,5336.75,5341.75,-0.0834426,short
LiquidityHunter2026,5342.35,5357.35,0.09648107999999998,long
LiquidityHunter2026,5357.98,5352.98,-0.08355945599999999,long
LiquidityHunter2026,5351.8,5366.8,0.09641303999999998,long
LiquidityHunter2026,5366.9,5381.9,0.09630431999999998,long
LiquidityHunter2026,5382.74,5377.74,-0.083737728,long
LiquidityHunter2026,5378.55,5393.55,0.09622043999999998,long
LiquidityHunter2026,5395.14,5390.14,-0.083827008,long
LiquidityHunter2026,5386.69,5401.69,0.09616183199999999,long
LiquidityHunter2026,5403.36,5418.36,0.09604180799999998,long
LiquidityHunter2026,5415.57,5410.57,-0.083974104,long
LiquidityHunter2026,5392.7,5387.7,-0.08380944,long
LiquidityHunter2026,5381.48,5386.48,-0.08376465599999999,short
LiquidityHunter2026,5388.25,5383.25,-0.0837774,long
LiquidityHunter2026,5380.96,5385.96,-0.08376091199999999,short
LiquidityHunter2026,5389.28,5384.28,-0.083784816,long
LiquidityHunter2026,5382.17,5387.17,-0.083769624,short
LiquidityHunter2026,5385.37,5380.37,-0.083756664,long
LiquidityHunter2026,5383.01,5398.01,0.09618832799999998,long
LiquidityHunter2026,5397.85,5412.85,0.09608147999999998,long
LiquidityHunter2026,5406.02,5401.02,-0.083905344,long
LiquidityHunter2026,5404.01,5399.01,-0.083890872,long
LiquidityHunter2026,5402.01,5397.01,-0.08387647200000001,long
LiquidityHunter2026,5395.55,5380.55,0.09620603999999998,short
LiquidityHunter2026,5381.7,5386.7,-0.08376623999999999,short
LiquidityHunter2026,5402.55,5397.55,-0.08388036,long
LiquidityHunter2026,5396.05,5401.05,-0.08386956,short
LiquidityHunter2026,5401.2,5416.2,0.09605735999999998,long
LiquidityHunter2026,5399.88,5384.88,0.09617486399999998,short
LiquidityHunter2026,5402.63,5397.63,-0.083880936,long
LiquidityHunter2026,5393.19,5398.19,-0.083848968,short
LiquidityHunter2026,5395.78,5400.78,-0.08386761599999999,short
LiquidityHunter2026,5402.85,5397.85,-0.08388252,long
LiquidityHunter2026,5401.5,5416.5,0.09605519999999998,long
LiquidityHunter2026,5411.63,5426.63,0.09598226399999998,long
LiquidityHunter2026,5428.54,5423.54,-0.084067488,long
LiquidityHunter2026,5427.04,5442.04,0.09587131199999999,long
LiquidityHunter2026,5445.26,5440.26,-0.084187872,long
LiquidityHunter2026,5440.34,5435.34,-0.084152448,long
LiquidityHunter2026,5435.56,5430.56,-0.084118032,long
LiquidityHunter2026,5434.51,5429.51,-0.084110472,long
LiquidityHunter2026,5430.89,5425.89,-0.084084408,long
LiquidityHunter2026,5432.09,5427.09,-0.084093048,long
LiquidityHunter2026,5431.91,5426.91,-0.08409175199999999,long
LiquidityHunter2026,5422.46,5427.46,-0.084059712,short
LiquidityHunter2026,5428.79,5423.79,-0.08406928799999999,long
LiquidityHunter2026,5408.95,5413.95,-0.08396244,short
LiquidityHunter2026,5386.0,5391.0,-0.0837972,short
LiquidityHunter2026,5420.45,5435.45,0.09591875999999999,long
LiquidityHunter2026,5433.02,5428.02,-0.084099744,long
LiquidityHunter2026,5415.67,5420.67,-0.084010824,short
LiquidityHunter2026,5411.91,5416.91,-0.083983752,short
LiquidityHunter2026,5412.93,5397.93,0.09608090399999998,short
LiquidityHunter2026,5390.84,5395.84,-0.08383204799999999,short
LiquidityHunter2026,5391.65,5376.65,0.09623411999999998,short
LiquidityHunter2026,5378.85,5383.85,-0.08374572,short
LiquidityHunter2026,5372.89,5377.89,-0.083702808,short
LiquidityHunter2026,5361.46,5366.46,-0.083620512,short
LiquidityHunter2026,5377.55,5382.55,-0.08373636,short
LiquidityHunter2026,5376.94,5381.94,-0.08373196799999999,short
LiquidityHunter2026,5376.8,5381.8,-0.08373096,short
LiquidityHunter2026,5397.33,5392.33,-0.083842776,long
LiquidityHunter2026,5394.48,5409.48,0.09610574399999999,long
LiquidityHunter2026,5411.3,5406.3,-0.08394336,long
LiquidityHunter2026,5401.8,5396.8,-0.08387496,long
LiquidityHunter2026,5396.69,5401.69,-0.083874168,short
LiquidityHunter2026,5403.82,5418.82,0.09603849599999999,long
LiquidityHunter2026,5418.87,5433.87,0.09593013599999999,long
LiquidityHunter2026,5445.77,5440.77,-0.084191544,long
LiquidityHunter2026,5447.38,5442.38,-0.084203136,long
LiquidityHunter2026,5433.45,5438.45,-0.08413883999999999,short
LiquidityHunter2026,5437.4,5432.4,-0.08413127999999999,long
LiquidityHunter2026,5431.0,5436.0,-0.0841212,short
LiquidityHunter2026,5437.27,5432.27,-0.084130344,long
LiquidityHunter2026,5428.54,5433.54,-0.084103488,short
LiquidityHunter2026,5428.27,5413.27,0.09597045599999998,short
LiquidityHunter2026,5410.84,5415.84,-0.083976048,short
LiquidityHunter2026,5415.87,5420.87,-0.084012264,short
LiquidityHunter2026,5419.5,5424.5,-0.0840384,short
LiquidityHunter2026,5422.29,5427.29,-0.084058488,short
LiquidityHunter2026,5424.38,5429.38,-0.08407353599999999,short
LiquidityHunter2026,5432.69,5427.69,-0.08409736799999999,long
LiquidityHunter2026,5424.32,5429.32,-0.084073104,short
LiquidityHunter2026,5434.57,5429.57,-0.084110904,long
LiquidityHunter2026,5439.21,5434.21,-0.084144312,long
LiquidityHunter2026,5432.96,5427.96,-0.084099312,long
LiquidityHunter2026,5425.14,5410.14,0.09599299199999997,short
LiquidityHunter2026,5401.63,5406.63,-0.083909736,short
LiquidityHunter2026,5392.95,5397.95,-0.08384723999999999,short
LiquidityHunter2026,5390.5,5375.5,0.09624239999999998,short
LiquidityHunter2026,5373.01,5358.01,0.09636832799999998,short
LiquidityHunter2026,5341.54,5346.54,-0.08347708799999999,short
LiquidityHunter2026,5368.45,5353.45,0.09640115999999999,short
LiquidityHunter2026,5354.0,5359.0,-0.0835668,short
LiquidityHunter2026,5349.51,5334.51,0.09653752799999998,short
LiquidityHunter2026,5348.63,5353.63,-0.083528136,short
LiquidityHunter2026,5333.13,5338.13,-0.083416536,short
LiquidityHunter2026,5344.31,5349.31,-0.083497032,short
LiquidityHunter2026,5351.6,5356.6,-0.08354952,short
LiquidityHunter2026,5353.98,5338.98,0.09650534399999999,short
LiquidityHunter2026,5325.84,5330.84,-0.083364048,short
LiquidityHunter2026,5286.32,5291.32,-0.083079504,short
LiquidityHunter2026,5309.84,5314.84,-0.083248848,short
LiquidityHunter2026,5318.45,5303.45,0.09676115999999998,short
LiquidityHunter2026,5319.15,5324.15,-0.08331588,short
LiquidityHunter2026,5317.25,5322.25,-0.08330219999999999,short
LiquidityHunter2026,5332.17,5317.17,0.09666237599999998,short
LiquidityHunter2026,5323.11,5328.11,-0.08334439199999999,short
LiquidityHunter2026,5329.15,5344.15,0.09657611999999999,long
LiquidityHunter2026,5344.09,5339.09,-0.08345944799999999,long
LiquidityHunter2026,5342.26,5357.26,0.09648172799999999,long
LiquidityHunter2026,5356.45,5351.45,-0.08354843999999999,long
LiquidityHunter2026,5360.96,5355.96,-0.08358091200000001,long
LiquidityHunter2026,5357.44,5352.44,-0.083555568,long
LiquidityHunter2026,5353.5,5348.5,-0.0835272,long
LiquidityHunter2026,5342.99,5347.99,-0.08348752799999999,short
LiquidityHunter2026,5347.28,5342.28,-0.08348241599999999,long
LiquidityHunter2026,5341.74,5346.74,-0.083478528,short
LiquidityHunter2026,5337.37,5342.37,-0.083447064,short
LiquidityHunter2026,5347.31,5362.31,0.09644536799999998,long
LiquidityHunter2026,5361.91,5376.91,0.09634024799999999,long
LiquidityHunter2026,5382.75,5397.75,0.09619019999999998,long
LiquidityHunter2026,5374.56,5369.56,-0.083678832,long
LiquidityHunter2026,5368.44,5383.44,0.09629323199999998,long
LiquidityHunter2026,5383.83,5378.83,-0.08374557599999999,long
LiquidityHunter2026,5384.92,5379.92,-0.08375342399999999,long
LiquidityHunter2026,5377.46,5372.46,-0.083699712,long
LiquidityHunter2026,5366.02,5371.02,-0.083653344,short
LiquidityHunter2026,5377.01,5372.01,-0.083696472,long
LiquidityHunter2026,5375.54,5370.54,-0.083685888,long
LiquidityHunter2026,5370.64,5375.64,-0.083686608,short
LiquidityHunter2026,5377.46,5372.46,-0.083699712,long
LiquidityHunter2026,5374.46,5369.46,-0.083678112,long
LiquidityHunter2026,5367.21,5372.21,-0.08366191199999999,short
LiquidityHunter2026,5368.01,5373.01,-0.083667672,short
LiquidityHunter2026,5374.2,5369.2,-0.08367624,long
LiquidityHunter2026,5366.1,5351.1,0.09641807999999999,short
LiquidityHunter2026,5350.4,5335.4,0.09653111999999998,short
LiquidityHunter2026,5336.88,5321.88,0.09662846399999998,short
LiquidityHunter2026,5325.9,5330.9,-0.08336447999999999,short
LiquidityHunter2026,5330.17,5315.17,0.09667677599999999,short
LiquidityHunter2026,5314.59,5299.59,0.09678895199999998,short
LiquidityHunter2026,5305.5,5310.5,-0.0832176,short
LiquidityHunter2026,5323.12,5328.12,-0.083344464,short
LiquidityHunter2026,5322.05,5307.05,0.09673523999999997,short
LiquidityHunter2026,5309.05,5314.05,-0.08324316,short
LiquidityHunter2026,5325.33,5330.33,-0.083360376,short
LiquidityHunter2026,5329.02,5334.02,-0.083386944,short
LiquidityHunter2026,5337.53,5342.53,-0.08344821599999999,short
LiquidityHunter2026,5344.34,5339.34,-0.083461248,long
LiquidityHunter2026,5338.66,5323.66,0.09661564799999998,short
LiquidityHunter2026,5322.67,5307.67,0.09673077599999998,short
LiquidityHunter2026,5310.64,5315.64,-0.08325460800000001,short
LiquidityHunter2026,5306.4,5311.4,-0.08322407999999999,short
LiquidityHunter2026,5302.22,5287.22,0.09687801599999998,short
LiquidityHunter2026,5262.78,5267.78,-0.082910016,short
LiquidityHunter2026,5261.89,5246.89,0.09716839199999998,short
LiquidityHunter2026,5256.64,5261.64,-0.082865808,short
LiquidityHunter2026,5275.39,5280.39,-0.083000808,short
LiquidityHunter2026,5289.46,5274.46,0.09696988799999998,short
LiquidityHunter2026,5268.51,5273.51,-0.082951272,short
LiquidityHunter2026,5273.35,5258.35,0.09708587999999999,short
LiquidityHunter2026,5259.59,5264.59,-0.082887048,short
LiquidityHunter2026,5263.94,5248.94,0.09715363199999999,short
LiquidityHunter2026,5227.16,5212.16,0.09741844799999999,short
LiquidityHunter2026,5202.63,5207.63,-0.082476936,short
LiquidityHunter2026,5189.57,5194.57,-0.08238290399999999,short
LiquidityHunter2026,5203.91,5188.91,0.09758584799999999,short
LiquidityHunter2026,5175.01,5160.01,0.09779392799999997,short
LiquidityHunter2026,5153.0,5158.0,-0.0821196,short
LiquidityHunter2026,5151.49,5136.49,0.09796327199999999,short
LiquidityHunter2026,5109.88,5114.88,-0.081809136,short
LiquidityHunter2026,5144.48,5149.48,-0.082058256,short
LiquidityHunter2026,5201.55,5206.55,-0.08246916,short
LiquidityHunter2026,5215.66,5220.66,-0.082570752,short
LiquidityHunter2026,5233.55,5228.55,-0.08266356,long
LiquidityHunter2026,5214.86,5199.86,0.09750700799999998,short
LiquidityHunter2026,5190.51,5195.51,-0.082389672,short
LiquidityHunter2026,5172.21,5177.21,-0.082257912,short
LiquidityHunter2026,5180.94,5185.94,-0.08232076799999999,short
LiquidityHunter2026,5183.64,5168.64,0.09773179199999998,short
LiquidityHunter2026,5157.46,5162.46,-0.082151712,short
LiquidityHunter2026,5155.0,5160.0,-0.082134,short
LiquidityHunter2026,5167.9,5152.9,0.09784511999999998,short
LiquidityHunter2026,5152.35,5157.35,-0.08211492,short
LiquidityHunter2026,5137.16,5142.16,-0.082005552,short
LiquidityHunter2026,5129.8,5134.8,-0.08195256,short
LiquidityHunter2026,5107.42,5092.42,0.09828057599999998,short
LiquidityHunter2026,5089.45,5074.45,0.09840995999999999,short
LiquidityHunter2026,5081.16,5086.16,-0.081602352,short
LiquidityHunter2026,5053.61,5058.61,-0.081403992,short
LiquidityHunter2026,5046.01,5051.01,-0.081349272,short
LiquidityHunter2026,5075.31,5080.31,-0.081560232,short
LiquidityHunter2026,5068.54,5073.54,-0.08151148799999999,short
LiquidityHunter2026,5034.91,5039.91,-0.081269352,short
LiquidityHunter2026,5131.7,5126.7,-0.08193024,long
LiquidityHunter2026,5118.85,5123.85,-0.08187372,short
LiquidityHunter2026,5139.43,5134.43,-0.081985896,long
LiquidityHunter2026,5143.33,5138.33,-0.082013976,long
LiquidityHunter2026,5127.54,5112.54,0.09813571199999999,short
LiquidityHunter2026,5112.94,5117.94,-0.081831168,short
LiquidityHunter2026,5118.31,5103.31,0.09820216799999998,short
LiquidityHunter2026,5102.25,5087.25,0.09831779999999998,short
LiquidityHunter2026,5095.45,5100.45,-0.08170524,short
LiquidityHunter2026,5114.56,5129.56,0.09812116799999998,long
LiquidityHunter2026,5127.26,5142.26,0.09802972799999998,long
LiquidityHunter2026,5145.0,5160.0,0.09790199999999999,long
LiquidityHunter2026,5128.88,5123.88,-0.081909936,long
LiquidityHunter2026,5117.13,5122.13,-0.081861336,short
LiquidityHunter2026,5125.15,5140.15,0.09804491999999998,long
LiquidityHunter2026,5140.51,5135.51,-0.081993672,long
LiquidityHunter2026,5125.45,5130.45,-0.08192123999999999,short
LiquidityHunter2026,5139.75,5134.75,-0.0819882,long
LiquidityHunter2026,5136.34,5131.34,-0.081963648,long
LiquidityHunter2026,5137.44,5132.44,-0.081971568,long
LiquidityHunter2026,5128.59,5133.59,-0.081943848,short
LiquidityHunter2026,5131.73,5126.73,-0.081930456,long
LiquidityHunter2026,5126.5,5111.5,0.09814319999999999,short
LiquidityHunter2026,5106.9,5111.9,-0.08178768,short
LiquidityHunter2026,5117.86,5102.86,0.09820540799999998,short
LiquidityHunter2026,5102.86,5107.86,-0.08175859199999999,short
LiquidityHunter2026,5104.89,5109.89,-0.081773208,short
LiquidityHunter2026,5107.3,5112.3,-0.08179056,short
LiquidityHunter2026,5112.35,5117.35,-0.08182692,short
LiquidityHunter2026,5118.71,5133.71,0.09809128799999998,long
LiquidityHunter2026,5139.69,5134.69,-0.08198776799999999,long
LiquidityHunter2026,5125.64,5130.64,-0.08192260800000001,short
LiquidityHunter2026,5131.8,5146.8,0.09799703999999998,long
LiquidityHunter2026,5147.99,5142.99,-0.082047528,long
LiquidityHunter2026,5150.94,5165.94,0.09785923199999999,long
LiquidityHunter2026,5170.96,5165.96,-0.082212912,long
LiquidityHunter2026,5166.47,5161.47,-0.082180584,long
LiquidityHunter2026,5170.06,5185.06,0.09772156799999998,long
LiquidityHunter2026,5185.67,5180.67,-0.082318824,long
LiquidityHunter2026,5186.67,5181.67,-0.082326024,long
LiquidityHunter2026,5161.0,5166.0,-0.0821772,short
LiquidityHunter2026,5169.1,5184.1,0.09772847999999998,long
LiquidityHunter2026,5186.9,5181.9,-0.08232767999999999,long
LiquidityHunter2026,5179.98,5174.98,-0.082277856,long
LiquidityHunter2026,5172.76,5177.76,-0.082261872,short
LiquidityHunter2026,5178.0,5173.0,-0.08226359999999999,long
LiquidityHunter2026,5176.94,5171.94,-0.082255968,long
LiquidityHunter2026,5170.65,5175.65,-0.08224667999999999,short
LiquidityHunter2026,5176.8,5171.8,-0.08225496,long
LiquidityHunter2026,5175.04,5180.04,-0.08227828799999999,short
LiquidityHunter2026,5179.76,5174.76,-0.082276272,long
LiquidityHunter2026,5170.47,5155.47,0.09782661599999998,short
LiquidityHunter2026,5155.54,5140.54,0.09793411199999999,short
LiquidityHunter2026,5151.15,5156.15,-0.08210627999999999,short
LiquidityHunter2026,5168.2,5183.2,0.09773495999999998,long
LiquidityHunter2026,5183.75,5178.75,-0.08230499999999999,long
LiquidityHunter2026,5183.3,5178.3,-0.08230176,long
LiquidityHunter2026,5181.29,5176.29,-0.082287288,long
LiquidityHunter2026,5171.48,5176.48,-0.082252656,short
LiquidityHunter2026,5182.89,5177.89,-0.082298808,long
LiquidityHunter2026,5176.35,5181.35,-0.08228772000000001,short
LiquidityHunter2026,5179.09,5194.09,0.09765655199999998,long
LiquidityHunter2026,5196.67,5191.67,-0.082398024,long
LiquidityHunter2026,5193.72,5208.72,0.09755121599999998,long
LiquidityHunter2026,5203.02,5198.02,-0.082443744,long
LiquidityHunter2026,5199.72,5194.72,-0.082419984,long
LiquidityHunter2026,5197.14,5212.14,0.09752659199999998,long
LiquidityHunter2026,5214.88,5209.88,-0.082529136,long
LiquidityHunter2026,5198.7,5183.7,0.09762335999999999,short
LiquidityHunter2026,5182.5,5187.5,-0.082332,short
LiquidityHunter2026,5197.79,5192.79,-0.08240608799999999,long
LiquidityHunter2026,5189.25,5194.25,-0.0823806,short
LiquidityHunter2026,5198.81,5193.81,-0.082413432,long
LiquidityHunter2026,5193.56,5198.56,-0.082411632,short
LiquidityHunter2026,5199.91,5194.91,-0.08242135199999999,long
LiquidityHunter2026,5193.96,5178.96,0.09765748799999999,short
LiquidityHunter2026,5183.58,5188.58,-0.08233977599999999,short
LiquidityHunter2026,5185.86,5190.86,-0.082356192,short
LiquidityHunter2026,5156.6,5161.6,-0.08214552,short
LiquidityHunter2026,5168.0,5153.0,0.09784439999999998,short
LiquidityHunter2026,5154.09,5159.09,-0.08212744799999999,short
LiquidityHunter2026,5156.41,5161.41,-0.082144152,short
LiquidityHunter2026,5150.32,5155.32,-0.082100304,short
LiquidityHunter2026,5160.1,5145.1,0.09790127999999998,short
LiquidityHunter2026,5148.3,5153.3,-0.08208576,short
LiquidityHunter2026,5161.89,5166.89,-0.08218360799999999,short
LiquidityHunter2026,5167.05,5162.05,-0.08218476,long
LiquidityHunter2026,5157.36,5142.36,0.09792100799999998,short
LiquidityHunter2026,5135.77,5140.77,-0.081995544,short
LiquidityHunter2026,5149.0,5134.0,0.09798119999999999,short
LiquidityHunter2026,5131.11,5116.11,0.09811000799999998,short
LiquidityHunter2026,5131.9,5136.9,-0.08196768,short
LiquidityHunter2026,5138.73,5143.73,-0.082016856,short
LiquidityHunter2026,5146.89,5141.89,-0.082039608,long
LiquidityHunter2026,5140.05,5145.05,-0.08202636,short
LiquidityHunter2026,5147.24,5162.24,0.09788587199999998,long
LiquidityHunter2026,5162.19,5177.19,0.09777823199999999,long
LiquidityHunter2026,5178.25,5173.25,-0.08226539999999999,long
LiquidityHunter2026,5180.02,5195.02,0.09764985599999998,long
LiquidityHunter2026,5194.99,5189.99,-0.082385928,long
LiquidityHunter2026,5190.23,5185.23,-0.082351656,long
LiquidityHunter2026,5181.12,5196.12,0.09764193599999998,long
LiquidityHunter2026,5194.83,5189.83,-0.08238477599999999,long
LiquidityHunter2026,5192.06,5187.06,-0.082364832,long
LiquidityHunter2026,5190.42,5185.42,-0.082353024,long
LiquidityHunter2026,5185.46,5170.46,0.09771868799999998,short
LiquidityHunter2026,5170.0,5155.0,0.09782999999999999,short
LiquidityHunter2026,5154.85,5139.85,0.09793907999999998,short
LiquidityHunter2026,5159.04,5164.04,-0.082163088,short
LiquidityHunter2026,5165.81,5170.81,-0.082211832,short
LiquidityHunter2026,5173.61,5168.61,-0.082231992,long
LiquidityHunter2026,5166.7,5171.7,-0.08221824,short
LiquidityHunter2026,5173.94,5168.94,-0.08223436799999999,long
LiquidityHunter2026,5168.73,5153.73,0.09783914399999999,short
LiquidityHunter2026,5151.82,5156.82,-0.08211110399999999,short
LiquidityHunter2026,5161.9,5166.9,-0.08218368,short
LiquidityHunter2026,5169.47,5184.47,0.09772581599999998,long
LiquidityHunter2026,5184.87,5179.87,-0.08231306399999999,long
LiquidityHunter2026,5167.89,5172.89,-0.082226808,short
LiquidityHunter2026,5175.49,5170.49,-0.082245528,long
LiquidityHunter2026,5171.55,5176.55,-0.08225315999999999,short
LiquidityHunter2026,5175.19,5170.19,-0.082243368,long
LiquidityHunter2026,5170.46,5155.46,0.09782668799999998,short
LiquidityHunter2026,5145.21,5130.21,0.09800848799999998,short
LiquidityHunter2026,5125.78,5110.78,0.09814838399999998,short
LiquidityHunter2026,5108.32,5113.32,-0.08179790399999999,short
LiquidityHunter2026,5125.29,5130.29,-0.081920088,short
LiquidityHunter2026,5127.22,5132.22,-0.081933984,short
LiquidityHunter2026,5133.98,5118.98,0.09808934399999998,short
LiquidityHunter2026,5118.98,5123.98,-0.08187465599999999,short
LiquidityHunter2026,5122.4,5107.4,0.09817271999999999,short
LiquidityHunter2026,5108.15,5113.15,-0.08179668,short
LiquidityHunter2026,5112.71,5117.71,-0.081829512,short
LiquidityHunter2026,5103.59,5108.59,-0.081763848,short
LiquidityHunter2026,5108.77,5113.77,-0.081801144,short
LiquidityHunter2026,5108.1,5093.1,0.09827567999999998,short
LiquidityHunter2026,5083.68,5088.68,-0.081620496,short
LiquidityHunter2026,5094.45,5099.45,-0.08169804,short
LiquidityHunter2026,5092.32,5097.32,-0.081682704,short
LiquidityHunter2026,5103.79,5088.79,0.09830671199999999,short
LiquidityHunter2026,5089.72,5074.72,0.09840801599999999,short
LiquidityHunter2026,5070.72,5075.72,-0.081527184,short
LiquidityHunter2026,5087.24,5092.24,-0.081646128,short
LiquidityHunter2026,5096.74,5081.74,0.09835747199999999,short
LiquidityHunter2026,5082.5,5067.5,0.09845999999999998,short
LiquidityHunter2026,5082.78,5087.78,-0.081614016,short
LiquidityHunter2026,5079.08,5084.08,-0.08158737599999999,short
LiquidityHunter2026,5091.05,5086.05,-0.08163756,long
LiquidityHunter2026,5093.79,5088.79,-0.081657288,long
LiquidityHunter2026,5087.06,5092.06,-0.081644832,short
LiquidityHunter2026,5092.56,5087.56,-0.08164843199999999,long
LiquidityHunter2026,5082.06,5087.06,-0.081608832,short
LiquidityHunter2026,5083.62,5088.62,-0.08162006399999999,short
LiquidityHunter2026,5090.68,5105.68,0.09829310399999998,long
LiquidityHunter2026,5106.45,5101.45,-0.08174844,long
LiquidityHunter2026,5093.98,5088.98,-0.081658656,long
LiquidityHunter2026,5094.64,5089.64,-0.08166340799999999,long
LiquidityHunter2026,5093.69,5088.69,-0.081656568,long
LiquidityHunter2026,5087.51,5092.51,-0.081648072,short
LiquidityHunter2026,5094.83,5109.83,0.09826322399999998,long
LiquidityHunter2026,5100.63,5095.63,-0.081706536,long
LiquidityHunter2026,5094.85,5099.85,-0.08170092,short
LiquidityHunter2026,5104.5,5099.5,-0.0817344,long
LiquidityHunter2026,5100.37,5105.37,-0.081740664,short
LiquidityHunter2026,5106.23,5101.23,-0.08174685599999999,long
LiquidityHunter2026,5098.6,5083.6,0.09834407999999997,short
LiquidityHunter2026,5089.79,5094.79,-0.081664488,short
LiquidityHunter2026,5091.17,5096.17,-0.081674424,short
LiquidityHunter2026,5100.0,5095.0,-0.081702,long
LiquidityHunter2026,5094.29,5099.29,-0.081696888,short
LiquidityHunter2026,5101.88,5116.88,0.09821246399999999,long
LiquidityHunter2026,5119.5,5134.5,0.09808559999999998,long
LiquidityHunter2026,5145.49,5140.49,-0.08202952799999999,long
LiquidityHunter2026,5142.97,5137.97,-0.08201138399999999,long
LiquidityHunter2026,5137.22,5132.22,-0.081969984,long
LiquidityHunter2026,5130.95,5135.95,-0.08196084,short
LiquidityHunter2026,5135.99,5130.99,-0.081961128,long
LiquidityHunter2026,5135.55,5130.55,-0.08195796,long
LiquidityHunter2026,5130.38,5115.38,0.09811526399999998,short
LiquidityHunter2026,5115.94,5120.94,-0.08185276799999999,short
LiquidityHunter2026,5120.51,5125.51,-0.081885672,short
LiquidityHunter2026,5128.29,5123.29,-0.081905688,long
LiquidityHunter2026,5121.05,5126.05,-0.08188956,short
LiquidityHunter2026,5119.26,5104.26,0.09819532799999998,short
LiquidityHunter2026,5106.5,5111.5,-0.08178479999999999,short
LiquidityHunter2026,5100.39,5105.39,-0.081740808,short
LiquidityHunter2026,5103.44,5108.44,-0.081762768,short
LiquidityHunter2026,5102.3,5087.3,0.09831743999999998,short
LiquidityHunter2026,5079.69,5084.69,-0.081591768,short
LiquidityHunter2026,5104.1,5099.1,-0.08173152,long
LiquidityHunter2026,5105.25,5100.25,-0.0817398,long
LiquidityHunter2026,5097.85,5082.85,0.09834947999999998,short
LiquidityHunter2026,5083.46,5088.46,-0.08161891199999999,short
LiquidityHunter2026,5080.02,5085.02,-0.081594144,short
LiquidityHunter2026,5079.64,5084.64,-0.081591408,short
LiquidityHunter2026,5093.33,5098.33,-0.081689976,short
LiquidityHunter2026,5117.09,5132.09,0.09810295199999998,long
LiquidityHunter2026,5137.44,5132.44,-0.081971568,long
LiquidityHunter2026,5095.66,5100.66,-0.081706752,short
LiquidityHunter2026,5105.73,5100.73,-0.08174325599999999,long
LiquidityHunter2026,5097.33,5102.33,-0.08171877599999999,short
LiquidityHunter2026,5107.44,5102.44,-0.081755568,long
LiquidityHunter2026,5099.68,5104.68,-0.081735696,short
LiquidityHunter2026,5115.76,5110.76,-0.081815472,long
LiquidityHunter2026,5107.05,5102.05,-0.08175276000000001,long
LiquidityHunter2026,5100.48,5105.48,-0.08174145599999999,short
LiquidityHunter2026,5107.6,5122.6,0.09817127999999997,long
LiquidityHunter2026,5125.1,5140.1,0.09804527999999998,long
LiquidityHunter2026,5139.76,5154.76,0.09793972799999998,long
LiquidityHunter2026,5165.0,5160.0,-0.08216999999999999,long
LiquidityHunter2026,5154.53,5149.53,-0.082094616,long
LiquidityHunter2026,5157.94,5172.94,0.09780883199999998,long
LiquidityHunter2026,5176.26,5171.26,-0.082251072,long
LiquidityHunter2026,5173.14,5168.14,-0.08222860800000001,long
LiquidityHunter2026,5151.85,5146.85,-0.08207532,long
LiquidityHunter2026,5151.09,5146.09,-0.082069848,long
LiquidityHunter2026,5151.06,5146.06,-0.082069632,long
LiquidityHunter2026,5154.3,5149.3,-0.08209295999999999,long
LiquidityHunter2026,5150.79,5165.79,0.09786031199999998,long
LiquidityHunter2026,5166.0,5181.0,0.09775079999999997,long
LiquidityHunter2026,5180.91,5175.91,-0.082284552,long
LiquidityHunter2026,5175.67,5170.67,-0.082246824,long
LiquidityHunter2026,5169.63,5164.63,-0.082203336,long
LiquidityHunter2026,5166.63,5161.63,-0.082181736,long
LiquidityHunter2026,5161.0,5166.0,-0.0821772,short
LiquidityHunter2026,5167.79,5162.79,-0.082190088,long
LiquidityHunter2026,5166.42,5181.42,0.09774777599999998,long
LiquidityHunter2026,5183.01,5178.01,-0.082299672,long
LiquidityHunter2026,5177.14,5182.14,-0.082293408,short
LiquidityHunter2026,5182.04,5177.04,-0.082292688,long
LiquidityHunter2026,5179.8,5164.8,0.09775943999999998,short
LiquidityHunter2026,5166.73,5171.73,-0.082218456,short
LiquidityHunter2026,5176.09,5171.09,-0.082249848,long
LiquidityHunter2026,5174.32,5179.32,-0.082273104,short
LiquidityHunter2026,5179.5,5174.5,-0.0822744,long
LiquidityHunter2026,5177.87,5182.87,-0.082298664,short
LiquidityHunter2026,5182.9,5177.9,-0.08229887999999999,long
LiquidityHunter2026,5177.3,5182.3,-0.08229456,short
LiquidityHunter2026,5181.11,5176.11,-0.08228599199999999,long
LiquidityHunter2026,5169.8,5174.8,-0.08224056,short
LiquidityHunter2026,5174.62,5179.62,-0.082275264,short
LiquidityHunter2026,5179.0,5174.0,-0.08227079999999999,long
LiquidityHunter2026,5172.34,5177.34,-0.082258848,short
LiquidityHunter2026,5170.91,5175.91,-0.08224855199999999,short
LiquidityHunter2026,5177.25,5172.25,-0.0822582,long
LiquidityHunter2026,5172.47,5177.47,-0.082259784,short
LiquidityHunter2026,5176.74,5171.74,-0.082254528,long
LiquidityHunter2026,5172.9,5157.9,0.09780911999999999,short
LiquidityHunter2026,5157.67,5162.67,-0.082153224,short
LiquidityHunter2026,5182.4,5177.4,-0.08229528,long
LiquidityHunter2026,5162.35,5147.35,0.09788507999999999,short
LiquidityHunter2026,5168.62,5163.62,-0.082196064,long
LiquidityHunter2026,5151.2,5156.2,-0.08210664,short
LiquidityHunter2026,5147.86,5152.86,-0.082082592,short
LiquidityHunter2026,5138.91,5123.91,0.09805384799999999,short
LiquidityHunter2026,5121.18,5126.18,-0.08189049600000001,short
LiquidityHunter2026,5128.55,5113.55,0.09812843999999998,short
LiquidityHunter2026,5109.3,5114.3,-0.08180496,short
LiquidityHunter2026,5110.0,5095.0,0.09826199999999999,short
LiquidityHunter2026,5099.1,5084.1,0.09834047999999998,short
LiquidityHunter2026,5083.74,5068.74,0.09845107199999999,short
LiquidityHunter2026,5070.53,5075.53,-0.081525816,short
LiquidityHunter2026,5072.89,5077.89,-0.081542808,short
LiquidityHunter2026,5076.33,5081.33,-0.081567576,short
LiquidityHunter2026,5066.29,5051.29,0.09857671199999998,short
LiquidityHunter2026,5050.21,5055.21,-0.081379512,short
LiquidityHunter2026,5054.25,5059.25,-0.0814086,short
LiquidityHunter2026,5064.6,5049.6,0.09858887999999998,short
LiquidityHunter2026,5050.8,5055.8,-0.08138376,short
LiquidityHunter2026,5056.32,5061.32,-0.081423504,short
LiquidityHunter2026,5034.86,5039.86,-0.081268992,short
LiquidityHunter2026,5084.15,5089.15,-0.08162388,short
LiquidityHunter2026,5085.08,5090.08,-0.081630576,short
LiquidityHunter2026,5080.01,5085.01,-0.081594072,short
LiquidityHunter2026,5073.98,5078.98,-0.081550656,short
LiquidityHunter2026,5100.62,5095.62,-0.081706464,long
LiquidityHunter2026,5085.07,5090.07,-0.08163050399999999,short
LiquidityHunter2026,5096.29,5091.29,-0.081675288,long
LiquidityHunter2026,5099.98,5094.98,-0.08170185599999999,long
LiquidityHunter2026,5099.75,5094.75,-0.0817002,long
LiquidityHunter2026,5093.46,5098.46,-0.08169091199999999,short
LiquidityHunter2026,5106.69,5101.69,-0.081750168,long
LiquidityHunter2026,5113.32,5108.32,-0.08179790399999999,long
LiquidityHunter2026,5115.37,5130.37,0.09811533599999998,long
LiquidityHunter2026,5132.5,5147.5,0.09799199999999998,long
LiquidityHunter2026,5149.99,5144.99,-0.08206192799999999,long
LiquidityHunter2026,5138.43,5133.43,-0.08197869599999999,long
LiquidityHunter2026,5141.19,5136.19,-0.081998568,long
LiquidityHunter2026,5117.16,5102.16,0.09821044799999998,short
LiquidityHunter2026,5117.45,5112.45,-0.08182764,long
LiquidityHunter2026,5109.68,5114.68,-0.081807696,short
LiquidityHunter2026,5116.0,5111.0,-0.08181719999999999,long
LiquidityHunter2026,5111.1,5116.1,-0.08181792,short
LiquidityHunter2026,5115.55,5110.55,-0.08181395999999999,long
LiquidityHunter2026,5109.22,5114.22,-0.081804384,short
LiquidityHunter2026,5113.36,5128.36,0.09812980799999999,long
LiquidityHunter2026,5126.82,5121.82,-0.081895104,long
LiquidityHunter2026,5118.41,5103.41,0.09820144799999998,short
LiquidityHunter2026,5102.92,5107.92,-0.081759024,short
LiquidityHunter2026,5103.5,5108.5,-0.0817632,short
LiquidityHunter2026,5110.82,5105.82,-0.08177990399999999,long
LiquidityHunter2026,5103.39,5108.39,-0.081762408,short
LiquidityHunter2026,5116.5,5111.5,-0.0818208,long
LiquidityHunter2026,5100.25,5085.25,0.09833219999999998,short
LiquidityHunter2026,5085.06,5090.06,-0.081630432,short
LiquidityHunter2026,5090.63,5095.63,-0.081670536,short
LiquidityHunter2026,5085.12,5090.12,-0.081630864,short
LiquidityHunter2026,5099.0,5114.0,0.09823319999999998,long
LiquidityHunter2026,5120.25,5115.25,-0.0818478,long
LiquidityHunter2026,5104.15,5099.15,-0.08173187999999999,long
LiquidityHunter2026,5096.42,5101.42,-0.081712224,short
LiquidityHunter2026,5094.49,5099.49,-0.08169832799999999,short
LiquidityHunter2026,5099.58,5114.58,0.09822902399999998,long
LiquidityHunter2026,5105.85,5100.85,-0.08174412,long
LiquidityHunter2026,5101.15,5106.15,-0.08174627999999999,short
LiquidityHunter2026,5109.42,5124.42,0.09815817599999999,long
LiquidityHunter2026,5125.6,5140.6,0.09804167999999998,long
LiquidityHunter2026,5141.94,5136.94,-0.082003968,long
LiquidityHunter2026,5137.64,5152.64,0.09795499199999998,long
LiquidityHunter2026,5135.61,5140.61,-0.081994392,short
LiquidityHunter2026,5133.55,5138.55,-0.08197955999999999,short
LiquidityHunter2026,5137.57,5152.57,0.09795549599999999,long
LiquidityHunter2026,5154.89,5149.89,-0.082097208,long
LiquidityHunter2026,5148.0,5143.0,-0.0820476,long
LiquidityHunter2026,5141.75,5146.75,-0.0820386,short
LiquidityHunter2026,5146.62,5141.62,-0.082037664,long
LiquidityHunter2026,5137.6,5142.6,-0.08200872,short
LiquidityHunter2026,5137.64,5142.64,-0.082009008,short
LiquidityHunter2026,5148.46,5143.46,-0.082050912,long
LiquidityHunter2026,5150.81,5165.81,0.09786016799999998,long
LiquidityHunter2026,5164.5,5179.5,0.09776159999999998,long
LiquidityHunter2026,5180.92,5175.92,-0.082284624,long
LiquidityHunter2026,5179.87,5174.87,-0.082277064,long
LiquidityHunter2026,5172.75,5167.75,-0.0822258,long
LiquidityHunter2026,5168.69,5163.69,-0.082196568,long
LiquidityHunter2026,5164.28,5169.28,-0.082200816,short
LiquidityHunter2026,5170.66,5165.66,-0.082210752,long
LiquidityHunter2026,5164.68,5169.68,-0.08220369599999999,short
LiquidityHunter2026,5169.51,5174.51,-0.082238472,short
LiquidityHunter2026,5174.2,5189.2,0.09769175999999999,long
LiquidityHunter2026,5189.99,5184.99,-0.08234992799999999,long
LiquidityHunter2026,5185.23,5180.23,-0.082315656,long
LiquidityHunter2026,5178.4,5163.4,0.09776951999999998,short
LiquidityHunter2026,5159.82,5164.82,-0.082168704,short
LiquidityHunter2026,5179.0,5194.0,0.09765719999999999,long
LiquidityHunter2026,5195.21,5190.21,-0.082387512,long
LiquidityHunter2026,5186.24,5181.24,-0.08232292799999999,long
LiquidityHunter2026,5181.02,5186.02,-0.082321344,short
LiquidityHunter2026,5186.61,5201.61,0.09760240799999999,long
LiquidityHunter2026,5198.82,5213.82,0.09751449599999998,long
LiquidityHunter2026,5220.53,5215.53,-0.082569816,long
LiquidityHunter2026,5219.79,5214.79,-0.08256448799999999,long
LiquidityHunter2026,5213.51,5208.51,-0.082519272,long
LiquidityHunter2026,5196.0,5201.0,-0.0824292,short
LiquidityHunter2026,5195.89,5200.89,-0.08242840800000001,short
LiquidityHunter2026,5202.99,5217.99,0.09748447199999999,long
LiquidityHunter2026,5217.99,5212.99,-0.082551528,long
LiquidityHunter2026,5218.59,5213.59,-0.082555848,long
LiquidityHunter2026,5217.75,5232.75,0.09737819999999998,long
LiquidityHunter2026,5235.76,5230.76,-0.082679472,long
LiquidityHunter2026,5232.7,5227.7,-0.08265744,long
LiquidityHunter2026,5230.0,5225.0,-0.08263799999999999,long
LiquidityHunter2026,5230.25,5225.25,-0.0826398,long
LiquidityHunter2026,5228.48,5223.48,-0.08262705599999999,long
LiquidityHunter2026,5223.74,5208.74,0.09744307199999999,short
LiquidityHunter2026,5192.48,5197.48,-0.082403856,short
LiquidityHunter2026,5180.35,5165.35,0.09775547999999998,short
LiquidityHunter2026,5175.72,5180.72,-0.082283184,short
LiquidityHunter2026,5202.24,5187.24,0.09759787199999997,short
LiquidityHunter2026,5187.17,5192.17,-0.082365624,short
LiquidityHunter2026,5201.81,5186.81,0.09760096799999998,short
LiquidityHunter2026,5186.75,5191.75,-0.0823626,short
LiquidityHunter2026,5195.64,5200.64,-0.082426608,short
LiquidityHunter2026,5202.15,5217.15,0.09749051999999998,long
LiquidityHunter2026,5217.3,5212.3,-0.08254656,long
LiquidityHunter2026,5212.8,5207.8,-0.08251416,long
LiquidityHunter2026,5212.1,5207.1,-0.08250912,long
LiquidityHunter2026,5198.61,5203.61,-0.082447992,short
LiquidityHunter2026,5204.3,5209.3,-0.08248896,short
LiquidityHunter2026,5209.31,5204.31,-0.082489032,long
LiquidityHunter2026,5203.26,5208.26,-0.082481472,short
LiquidityHunter2026,5206.74,5191.74,0.09756547199999999,short
LiquidityHunter2026,5187.88,5192.88,-0.082370736,short
LiquidityHunter2026,5193.54,5198.54,-0.08241148799999999,short
LiquidityHunter2026,5198.65,5193.65,-0.08241227999999999,long
LiquidityHunter2026,5193.54,5178.54,0.09766051199999998,short
LiquidityHunter2026,5183.4,5188.4,-0.08233847999999999,short
LiquidityHunter2026,5183.4,5188.4,-0.08233847999999999,short
LiquidityHunter2026,5185.42,5190.42,-0.082353024,short
LiquidityHunter2026,5192.9,5187.9,-0.08237088,long
LiquidityHunter2026,5187.76,5192.76,-0.082369872,short
LiquidityHunter2026,5193.54,5188.54,-0.082375488,long
LiquidityHunter2026,5186.73,5191.73,-0.082362456,short
LiquidityHunter2026,5192.77,5187.77,-0.082369944,long
LiquidityHunter2026,5187.23,5192.23,-0.08236605599999999,short
LiquidityHunter2026,5197.69,5192.69,-0.08240536799999999,long
LiquidityHunter2026,5183.85,5168.85,0.09773027999999997,short
LiquidityHunter2026,5171.92,5176.92,-0.082255824,short
LiquidityHunter2026,5175.6,5180.6,-0.08228231999999999,short
LiquidityHunter2026,5177.68,5162.68,0.09777470399999998,short
LiquidityHunter2026,5161.26,5166.26,-0.08217907199999999,short
LiquidityHunter2026,5184.51,5179.51,-0.082310472,long
LiquidityHunter2026,5186.88,5181.88,-0.08232753599999999,long
LiquidityHunter2026,5179.96,5184.96,-0.082313712,short
LiquidityHunter2026,5188.15,5183.15,-0.08233668,long
LiquidityHunter2026,5193.8,5188.8,-0.08237736,long
LiquidityHunter2026,5180.19,5185.19,-0.082315368,short
LiquidityHunter2026,5188.41,5183.41,-0.082338552,long
LiquidityHunter2026,5182.25,5167.25,0.09774179999999999,short
LiquidityHunter2026,5167.88,5172.88,-0.082226736,short
LiquidityHunter2026,5171.8,5176.8,-0.08225496,short
LiquidityHunter2026,5176.41,5171.41,-0.082252152,long
LiquidityHunter2026,5171.26,5176.26,-0.082251072,short
LiquidityHunter2026,5176.47,5171.47,-0.08225258399999999,long
LiquidityHunter2026,5171.33,5176.33,-0.08225157599999999,short
LiquidityHunter2026,5177.52,5172.52,-0.08226014400000001,long
LiquidityHunter2026,5172.93,5157.93,0.09780890399999997,short
LiquidityHunter2026,5137.38,5142.38,-0.082007136,short
LiquidityHunter2026,5154.53,5139.53,0.09794138399999998,short
LiquidityHunter2026,5138.22,5143.22,-0.082013184,short
LiquidityHunter2026,5140.1,5145.1,-0.08202672,short
LiquidityHunter2026,5150.12,5155.12,-0.082098864,short
LiquidityHunter2026,5156.74,5151.74,-0.08211052799999999,long
LiquidityHunter2026,5150.44,5155.44,-0.082101168,short
LiquidityHunter2026,5161.64,5156.64,-0.082145808,long
LiquidityHunter2026,5153.62,5158.62,-0.082124064,short
LiquidityHunter2026,5159.12,5154.12,-0.08212766399999999,long
LiquidityHunter2026,5153.98,5138.98,0.09794534399999999,short
LiquidityHunter2026,5138.0,5143.0,-0.0820116,short
LiquidityHunter2026,5151.72,5146.72,-0.082074384,long
LiquidityHunter2026,5146.27,5151.27,-0.082071144,short
LiquidityHunter2026,5152.45,5167.45,0.09784835999999998,long
LiquidityHunter2026,5162.85,5157.85,-0.08215452000000001,long
LiquidityHunter2026,5165.34,5180.34,0.09775555199999998,long
LiquidityHunter2026,5179.6,5174.6,-0.08227512,long
LiquidityHunter2026,5176.63,5171.63,-0.082253736,long
LiquidityHunter2026,5169.35,5174.35,-0.08223732,short
LiquidityHunter2026,5176.94,5171.94,-0.082255968,long
LiquidityHunter2026,5166.08,5151.08,0.09785822399999998,short
LiquidityHunter2026,5150.67,5155.67,-0.082102824,short
LiquidityHunter2026,5158.31,5163.31,-0.082157832,short
LiquidityHunter2026,5155.07,5140.07,0.09793749599999999,short
LiquidityHunter2026,5144.06,5129.06,0.09801676799999998,short
LiquidityHunter2026,5118.6,5123.6,-0.08187192,short
LiquidityHunter2026,5129.25,5134.25,-0.0819486,short
LiquidityHunter2026,5130.39,5135.39,-0.081956808,short
LiquidityHunter2026,5135.0,5140.0,-0.08199,short
LiquidityHunter2026,5137.62,5122.62,0.09806313599999998,short
LiquidityHunter2026,5122.2,5127.2,-0.08189784,short
LiquidityHunter2026,5119.01,5104.01,0.09819712799999998,short
LiquidityHunter2026,5103.41,5088.41,0.09830944799999998,short
LiquidityHunter2026,5094.2,5099.2,-0.08169623999999999,short
LiquidityHunter2026,5096.02,5101.02,-0.081709344,short
LiquidityHunter2026,5101.07,5086.07,0.09832629599999998,short
LiquidityHunter2026,5088.09,5073.09,0.09841975199999999,short
LiquidityHunter2026,5071.06,5076.06,-0.081529632,short
LiquidityHunter2026,5081.6,5086.6,-0.08160552,short
LiquidityHunter2026,5090.52,5095.52,-0.081669744,short
LiquidityHunter2026,5096.51,5101.51,-0.08171287199999999,short
LiquidityHunter2026,5101.91,5096.91,-0.081715752,long
LiquidityHunter2026,5089.07,5094.07,-0.08165930399999999,short
LiquidityHunter2026,5099.9,5114.9,0.09822671999999999,long
LiquidityHunter2026,5118.45,5113.45,-0.08183483999999999,long
LiquidityHunter2026,5116.04,5131.04,0.09811051199999998,long
LiquidityHunter2026,5131.32,5126.32,-0.081927504,long
LiquidityHunter2026,5124.87,5119.87,-0.081881064,long
LiquidityHunter2026,5118.36,5103.36,0.09820180799999999,short
LiquidityHunter2026,5102.27,5107.27,-0.081754344,short
LiquidityHunter2026,5106.21,5091.21,0.09828928799999997,short
LiquidityHunter2026,5093.65,5078.65,0.09837971999999998,short
LiquidityHunter2026,5079.23,5084.23,-0.08158845599999999,short
LiquidityHunter2026,5091.2,5076.2,0.09839735999999999,short
LiquidityHunter2026,5072.23,5077.23,-0.081538056,short
LiquidityHunter2026,5075.01,5080.01,-0.081558072,short
LiquidityHunter2026,5080.52,5085.52,-0.081597744,short
LiquidityHunter2026,5086.78,5091.78,-0.08164281599999999,short
LiquidityHunter2026,5091.8,5086.8,-0.08164296,long
LiquidityHunter2026,5087.76,5092.76,-0.081649872,short
LiquidityHunter2026,5091.92,5086.92,-0.081643824,long
LiquidityHunter2026,5088.2,5093.2,-0.08165304,short
LiquidityHunter2026,5094.01,5089.01,-0.081658872,long
LiquidityHunter2026,5086.18,5091.18,-0.081638496,short
LiquidityHunter2026,5092.54,5087.54,-0.081648288,long
LiquidityHunter2026,5087.75,5092.75,-0.0816498,short
LiquidityHunter2026,5093.75,5108.75,0.09827099999999998,long
LiquidityHunter2026,5109.26,5104.26,-0.081768672,long
LiquidityHunter2026,5111.11,5106.11,-0.081781992,long
LiquidityHunter2026,5099.25,5104.25,-0.0817326,short
LiquidityHunter2026,5100.5,5105.5,-0.0817416,short
LiquidityHunter2026,5108.99,5103.99,-0.081766728,long
LiquidityHunter2026,5103.73,5088.73,0.09830714399999999,short
LiquidityHunter2026,5081.58,5086.58,-0.081605376,short
LiquidityHunter2026,5082.42,5067.42,0.09846057599999998,short
LiquidityHunter2026,5061.89,5046.89,0.09860839199999999,short
LiquidityHunter2026,5040.27,5045.27,-0.081307944,short
LiquidityHunter2026,5046.2,5051.2,-0.08135064,short
LiquidityHunter2026,5063.49,5068.49,-0.081475128,short
LiquidityHunter2026,5060.66,5065.66,-0.08145475199999999,short
LiquidityHunter2026,5060.85,5045.85,0.09861587999999999,short
LiquidityHunter2026,5046.03,5051.03,-0.081349416,short
LiquidityHunter2026,5042.0,5027.0,0.09875159999999998,short
LiquidityHunter2026,5037.28,5042.28,-0.081286416,short
LiquidityHunter2026,5037.64,5042.64,-0.081289008,short
LiquidityHunter2026,5039.95,5044.95,-0.08130564,short
LiquidityHunter2026,5046.91,5051.91,-0.08135575199999999,short
LiquidityHunter2026,5050.72,5055.72,-0.081383184,short
LiquidityHunter2026,5062.2,5057.2,-0.08142983999999999,long
LiquidityHunter2026,5061.42,5056.42,-0.081424224,long
LiquidityHunter2026,5053.58,5038.58,0.09866822399999998,short
LiquidityHunter2026,5039.93,5044.93,-0.081305496,short
LiquidityHunter2026,5045.46,5050.46,-0.08134531199999999,short
LiquidityHunter2026,5050.08,5045.08,-0.081342576,long
LiquidityHunter2026,5045.61,5030.61,0.09872560799999998,short
LiquidityHunter2026,5027.5,5012.5,0.09885599999999999,short
LiquidityHunter2026,5010.69,5015.69,-0.08109496799999999,short
LiquidityHunter2026,5022.65,5027.65,-0.08118107999999999,short
LiquidityHunter2026,5028.16,5028.71,-0.03125473199999837,long
Antigravity_Beast,5335.03,5328.792592005917,-0.18905286655593273,long
Antigravity_Beast,5326.09,5333.29651069246,-0.20646477534126825,short
Antigravity_Beast,5342.75,5336.538346659421,-0.18870063622636582,long
Antigravity_Beast,5334.44,5337.363024869822,-0.12945142943586332,short
Antigravity_Beast,5342.88,5352.900373079958,0.10335709675306123,long
Antigravity_Beast,5354.17,5351.97644012476,-0.11656833212321413,long
Antigravity_Beast,5352.85,5350.0492264827235,-0.1274747977416592,long
Antigravity_Beast,5350.7,5363.690847667024,0.1566916439032358,long
Antigravity_Beast,5364.0,5361.39874316255,-0.12404549402486872,long
Antigravity_Beast,5359.68,5370.260843546215,0.1131996097583366,long
Antigravity_Beast,5370.82,5367.535255014852,-0.1364415675687688,long
Antigravity_Beast,5367.45,5363.912949532831,-0.14093272164568085,long
Antigravity_Beast,5365.11,5361.260801652253,-0.14651544003134231,long
Antigravity_Beast,5363.8,5360.477240392282,-0.1370244690697589,long
Antigravity_Beast,5359.63,5373.8786085662605,0.17919369221100961,long
Antigravity_Beast,5373.46,5383.354774459111,0.10065687388788377,long
Antigravity_Beast,5380.29,5376.855485340213,-0.13927271137061653,long
Antigravity_Beast,5378.55,5391.747935188973,0.16001668826815577,long
Antigravity_Beast,5391.89,5387.825823153982,-0.15076913715503626,long
Antigravity_Beast,5391.15,5386.004818793304,-0.17020877641582663,long
Antigravity_Beast,5386.62,5411.164717366843,0.3640608626381424,long
Antigravity_Beast,5414.49,5410.7082179475165,-0.14601350411392192,long
Antigravity_Beast,5412.92,5408.251320556159,-0.16194866349714285,long
Antigravity_Beast,5412.43,5407.416226217485,-0.1681508209140408,long
Antigravity_Beast,5389.0,5381.97968748872,-0.2039166789529638,long
Antigravity_Beast,5390.8,5387.222279425649,-0.14200073075019326,long
Antigravity_Beast,5392.02,5387.945564086527,-0.15095559850394202,long
Antigravity_Beast,5400.76,5395.338876944401,-0.17531212691478726,long
Antigravity_Beast,5398.89,5392.255460221971,-0.19711796331813183,long
Antigravity_Beast,5381.7,5387.218279571924,-0.1768652439075465,short
Antigravity_Beast,5389.28,5395.074434927667,-0.18194718062949744,short
Antigravity_Beast,5396.46,5400.04202169508,-0.1422112050676387,short
Antigravity_Beast,5401.52,5415.71695820497,0.17766114159037757,long
Antigravity_Beast,5402.49,5400.059381179024,-0.121529494322052,long
Antigravity_Beast,5402.58,5413.129693375915,0.11202137097416362,long
Antigravity_Beast,5404.61,5423.057381777197,0.2540936668407634,long
Antigravity_Beast,5422.2,5443.2116370094545,0.2999785023837168,long
Antigravity_Beast,5445.26,5437.22584875723,-0.22296862048091834,long
Antigravity_Beast,5436.35,5427.120222184683,-0.24435298627543556,long
Antigravity_Beast,5433.73,5427.162655941424,-0.19641062017713085,long
Antigravity_Beast,5409.34,5426.305566326635,-0.38339684195697943,short
Antigravity_Beast,5386.0,5403.664861059998,-0.3956530860795914,short
Antigravity_Beast,5433.02,5421.709281281818,-0.28174698775250895,long
Antigravity_Beast,5421.77,5410.1618104572735,-0.2869373208043766,long
Antigravity_Beast,5412.6,5369.135276870458,0.7047365223382906,short
Antigravity_Beast,5366.0,5380.987287665563,-0.34714948645132043,short
Antigravity_Beast,5377.55,5393.681052834704,-0.36791181460508093,short
Antigravity_Beast,5389.31,5394.881739588117,-0.17793749311113222,short
Antigravity_Beast,5394.48,5389.033835804559,-0.1756722551357193,long
Antigravity_Beast,5389.02,5392.1306415442805,-0.13361583241615957,short
Antigravity_Beast,5387.71,5392.026523389648,-0.15531152398206866,short
Antigravity_Beast,5400.66,5413.456075155494,0.1524677170577685,long
Antigravity_Beast,5414.88,5430.063035304927,0.1952110456344944,long
Antigravity_Beast,5429.95,5445.7169915508575,0.2055010455762726,long
Antigravity_Beast,5445.77,5439.855659395581,-0.18483463562719957,long
Antigravity_Beast,5444.42,5438.0883261069575,-0.1923241900227357,long
Antigravity_Beast,5435.56,5429.647012976542,-0.18466325691568047,long
Antigravity_Beast,5436.35,5429.902427447611,-0.19429332342062333,long
Antigravity_Beast,5433.9,5427.566752153415,-0.19220102185402604,long
Antigravity_Beast,5418.12,5423.051840035717,-0.16682955789116244,short
Antigravity_Beast,5424.11,5429.6438514587535,-0.17775635398807169,short
Antigravity_Beast,5413.72,5420.534937849143,-0.20067551683707976,short
Antigravity_Beast,5419.5,5425.302877161497,-0.18253436962251302,short
Antigravity_Beast,5408.49,5372.598844890431,0.5684169522890291,short
Antigravity_Beast,5373.01,5328.661425602014,0.7212223048994195,short
Antigravity_Beast,5324.55,5277.762237297165,0.7658430805425013,short
Antigravity_Beast,5278.0,5295.582157998122,-0.3926086355037835,short
Antigravity_Beast,5289.14,5308.113493395837,-0.4178231062775172,short
Antigravity_Beast,5307.7,5327.534491720252,-0.43359453930492386,short
Antigravity_Beast,5332.17,5340.202455150112,-0.22142527437909088,short
Antigravity_Beast,5341.5,5336.431973400857,-0.1681055889930637,long
Antigravity_Beast,5345.29,5340.257672942629,-0.1675178302778617,long
Antigravity_Beast,5357.6,5352.990578269866,-0.16008584330595993,long
Antigravity_Beast,5353.26,5348.461263911245,-0.16342964269776003,long
Antigravity_Beast,5357.57,5350.4906675829825,-0.2045260203129073,long
Antigravity_Beast,5342.53,5346.189431019494,-0.14282853825423503,short
Antigravity_Beast,5348.14,5344.205345957159,-0.1478086592620373,long
Antigravity_Beast,5341.74,5345.777068127389,-0.14961734918351777,short
Antigravity_Beast,5338.96,5345.216134513643,-0.18953648941406848,short
Antigravity_Beast,5357.68,5352.5083407218235,-0.1702032230603791,long
Antigravity_Beast,5351.95,5346.631641600221,-0.17276023901554077,long
Antigravity_Beast,5348.63,5371.307100648489,0.33100426454812754,long
Antigravity_Beast,5370.64,5385.214593867114,0.1849005365321986,long
Antigravity_Beast,5381.23,5373.700524054117,-0.2129660667990827,long
Antigravity_Beast,5374.56,5368.215077152257,-0.19155659181486961,long
Antigravity_Beast,5384.88,5378.456564741844,-0.19311785791295166,long
Antigravity_Beast,5386.75,5381.25263560508,-0.1764821780849114,long
Antigravity_Beast,5377.46,5369.879220085506,-0.21383488084550922,long
Antigravity_Beast,5351.89,5360.604559281109,-0.2339920278867761,short
Antigravity_Beast,5362.43,5371.856059319794,-0.2469559273833972,short
Antigravity_Beast,5374.82,5368.382616680396,-0.19322395859297303,long
Antigravity_Beast,5365.32,5369.158989666234,-0.14639006271782218,short
Antigravity_Beast,5368.85,5372.807598245141,-0.1485767031198961,short
Antigravity_Beast,5378.13,5374.840789790687,-0.1366271734541241,long
Antigravity_Beast,5371.15,5373.941007197177,-0.12760278480101198,short
Antigravity_Beast,5363.82,5367.635276612823,-0.1459414570224309,short
Antigravity_Beast,5359.84,5345.354548086266,0.18366073370099667,short
Antigravity_Beast,5344.76,5350.043745978889,-0.17211001459104772,short
Antigravity_Beast,5350.78,5328.5161661427355,0.3238580770345282,short
Antigravity_Beast,5325.9,5333.510582231458,-0.21373823635831887,short
Antigravity_Beast,5331.04,5300.444205832346,0.4741776087357841,short
Antigravity_Beast,5305.5,5316.578678405617,-0.2758951777856302,short
Antigravity_Beast,5309.05,5316.864164336153,-0.21716154003397836,short
Antigravity_Beast,5342.55,5337.693712035419,-0.16431093808912195,long
Antigravity_Beast,5334.28,5339.571904899685,-0.17210602190961682,short
Antigravity_Beast,5329.95,5307.509494070601,0.3273393983718659,short
Antigravity_Beast,5310.64,5282.074943134181,0.43790347599418156,short
Antigravity_Beast,5251.74,5267.422067871507,-0.3580151885758111,short
Antigravity_Beast,5268.6,5285.113142555066,-0.37322330061757214,short
Antigravity_Beast,5264.35,5273.75103907085,-0.24509303075660915,short
Antigravity_Beast,5275.6,5234.253283478402,0.6685699537477185,short
Antigravity_Beast,5227.16,5166.786284816772,1.011890460047413,short
Antigravity_Beast,5153.0,5180.320257109117,-0.5976181190272511,short
Antigravity_Beast,5206.23,5222.130746846702,-0.3612976406179418,short
Antigravity_Beast,5185.95,5116.3516469251135,1.1785937834900924,short
Antigravity_Beast,5107.42,5128.0957503919235,-0.4706291771495238,short
Antigravity_Beast,5138.96,5125.776684777436,-0.3284949880330338,long
Antigravity_Beast,5103.2,5117.058065738624,-0.3409772103334645,short
Antigravity_Beast,5110.81,5124.023881480505,-0.3288484856288435,short
Antigravity_Beast,5096.11,5107.289099089565,-0.28994871585481896,short
Antigravity_Beast,5117.86,5150.600456019274,0.5440283649004682,long
Antigravity_Beast,5153.1,5144.207221623265,-0.24722232404231712,long
Antigravity_Beast,5132.39,5121.749383798425,-0.2801031671468033,long
Antigravity_Beast,5128.21,5118.142020576212,-0.269163884408344,long
Antigravity_Beast,5116.65,5124.755793391473,-0.2318447584677722,short
Antigravity_Beast,5114.56,5116.606679913903,-0.11664378513148657,short
Antigravity_Beast,5125.42,5122.204177060415,-0.1389825795977827,long
Antigravity_Beast,5124.82,5121.218866116706,-0.14629143916507478,long
Antigravity_Beast,5132.13,5125.62726901629,-0.20151084393502394,long
Antigravity_Beast,5128.43,5174.201051705242,0.7913499864066365,long
Antigravity_Beast,5175.39,5167.140071306567,-0.2229649329952103,long
Antigravity_Beast,5171.15,5162.878996774727,-0.22328306683168445,long
Antigravity_Beast,5170.29,5161.437826842813,-0.2337275571826393,long
Antigravity_Beast,5164.13,5154.287282259901,-0.25146152375405384,long
Antigravity_Beast,5150.62,5159.471357979189,-0.23355710140284913,short
Antigravity_Beast,5153.84,5163.112590622474,-0.24118868985701608,short
Antigravity_Beast,5158.2,5166.59389967863,-0.22542871029302752,short
Antigravity_Beast,5176.66,5170.326153423997,-0.18850753867269854,long
Antigravity_Beast,5163.25,5168.643696441451,-0.17147617056048975,short
Antigravity_Beast,5168.79,5174.76008562408,-0.1819351018499285,short
Antigravity_Beast,5181.28,5209.889721032539,0.44015855659426417,long
Antigravity_Beast,5213.83,5206.618620778441,-0.20483205605766086,long
Antigravity_Beast,5205.72,5197.865147847708,-0.2162931518057694,long
Antigravity_Beast,5197.92,5191.092720375363,-0.19769192483017603,long
Antigravity_Beast,5191.94,5170.420507250125,0.31274187384553453,short
Antigravity_Beast,5171.94,5178.319003862127,-0.18934393434609906,short
Antigravity_Beast,5179.2,5184.989882637533,-0.17884005463058572,short
Antigravity_Beast,5205.56,5198.714967317169,-0.1981213680556509,long
Antigravity_Beast,5178.64,5186.144672594524,-0.20971055634411223,short
Antigravity_Beast,5186.46,5194.614338849138,-0.2215218345242011,short
Antigravity_Beast,5175.9,5184.207452435105,-0.22412691748942284,short
Antigravity_Beast,5183.2,5142.271697073406,0.6623660564597538,short
Antigravity_Beast,5148.3,5156.534679352562,-0.22241903803745666,short
Antigravity_Beast,5143.68,5152.030147372284,-0.22443176576218474,short
Antigravity_Beast,5139.31,5116.415725373646,0.3382557180516938,short
Antigravity_Beast,5126.48,5135.756378252984,-0.25424418328143034,short
Antigravity_Beast,5144.07,5140.718618324509,-0.13437534821076189,long
Antigravity_Beast,5150.34,5147.41721651169,-0.12675395474847165,long
Antigravity_Beast,5152.67,5149.319442390203,-0.13448436096155278,long
Antigravity_Beast,5155.01,5162.622290440473,0.06273427543734009,long
Antigravity_Beast,5162.19,5170.297483599377,0.07154079490688309,long
Antigravity_Beast,5172.6,5186.860875120455,0.18210763386731066,long
Antigravity_Beast,5186.61,5183.186481489457,-0.13628586785649152,long
Antigravity_Beast,5183.96,5179.542667816777,-0.15412919850629753,long
Antigravity_Beast,5183.3,5178.704029407583,-0.1573338996752399,long
Antigravity_Beast,5182.45,5177.0736832889725,-0.171362271318173,long
Antigravity_Beast,5178.26,5180.803063365426,-0.12036039463389818,short
Antigravity_Beast,5179.02,5182.186652905292,-0.1316004401961707,short
Antigravity_Beast,5174.77,5163.0347522227385,0.1368022657747118,short
Antigravity_Beast,5158.87,5163.07266258682,-0.14996591373338913,short
Antigravity_Beast,5160.74,5138.941646161869,0.3182126612339822,short
Antigravity_Beast,5140.78,5149.2237389557185,-0.22607532812341954,short
Antigravity_Beast,5178.14,5172.812734812999,-0.17041763305667346,long
Antigravity_Beast,5173.75,5168.192479529392,-0.17449735432356145,long
Antigravity_Beast,5168.24,5173.79439449195,-0.17444174849544214,short
Antigravity_Beast,5159.02,5163.4933926155945,-0.15484316350752594,short
Antigravity_Beast,5171.25,5190.264605929574,0.26766000156963754,long
Antigravity_Beast,5190.7,5184.630249442136,-0.18395788783752995,long
Antigravity_Beast,5186.05,5180.144806941823,-0.18093007765717156,long
Antigravity_Beast,5174.91,5168.595351789213,-0.18813690632704472,long
Antigravity_Beast,5167.1,5172.375386355136,-0.1694011771741905,short
Antigravity_Beast,5177.03,5174.256142429512,-0.1244586964942758,long
Antigravity_Beast,5177.11,5174.049070246574,-0.12962508086743657,long
Antigravity_Beast,5163.01,5146.097999425078,0.23019043275273315,short
Antigravity_Beast,5145.21,5110.388016682311,0.5529553939982901,short
Antigravity_Beast,5108.32,5120.542766727531,-0.3099719248502192,short
Antigravity_Beast,5119.95,5134.906602959191,-0.34305382080675345,short
Antigravity_Beast,5126.95,5141.495876947594,-0.3357585953707233,short
Antigravity_Beast,5119.35,5128.981994883715,-0.2471638982700232,short
Antigravity_Beast,5083.68,5101.204507937635,-0.41037077307538256,short
Antigravity_Beast,5098.66,5113.239798558572,-0.335962052603923,short
Antigravity_Beast,5093.09,5101.7002315045875,-0.22838665674940473,short
Antigravity_Beast,5082.13,5087.434007295171,-0.17806482506368804,short
Antigravity_Beast,5091.05,5086.171495486136,-0.1610890760170494,long
Antigravity_Beast,5082.06,5087.238702776052,-0.1756820228860856,short
Antigravity_Beast,5106.45,5099.846949958143,-0.19234023879311518,long
Antigravity_Beast,5098.27,5091.747877575249,-0.19076633236407084,long
Antigravity_Beast,5103.4,5100.319845813744,-0.12890955824246048,long
Antigravity_Beast,5107.38,5102.258795309191,-0.1656910837607965,long
Antigravity_Beast,5110.1,5106.455541652837,-0.13915945014883407,long
Antigravity_Beast,5101.88,5095.6973858098645,-0.184709612600272,long
Antigravity_Beast,5093.69,5098.314581274301,-0.1566248959226077,short
Antigravity_Beast,5091.09,5098.340130311231,-0.20386624254040353,short
Antigravity_Beast,5092.22,5099.356272995209,-0.20183226307932492,short
Antigravity_Beast,5119.53,5146.218685161177,0.4064829423680272,long
Antigravity_Beast,5145.29,5137.376385785585,-0.21648025383713065,long
Antigravity_Beast,5140.07,5133.146289496204,-0.198593946352692,long
Antigravity_Beast,5140.64,5138.5680809450505,-0.11130484117190131,long
Antigravity_Beast,5140.2,5138.207594301277,-0.10986783725598148,long
Antigravity_Beast,5136.83,5134.246978734459,-0.12044613702662596,long
Antigravity_Beast,5132.38,5135.163697558496,-0.12403287067534895,short
Antigravity_Beast,5127.1,5131.327501430915,-0.1499557037667608,short
Antigravity_Beast,5119.18,5122.159449529348,-0.12736773556487765,short
Antigravity_Beast,5126.51,5129.442025273258,-0.12661930950060696,short
Antigravity_Beast,5125.51,5111.565985233642,0.17728531870076394,short
Antigravity_Beast,5112.24,5117.043061065261,-0.1601059372143736,short
Antigravity_Beast,5115.45,5119.619253545033,-0.14873906243611673,short
Antigravity_Beast,5110.49,5097.992303031491,0.15145747285132688,short
Antigravity_Beast,5099.39,5104.83723437982,-0.17152065492429014,short
Antigravity_Beast,5107.37,5103.574349984638,-0.14184049959641076,long
Antigravity_Beast,5102.3,5086.405207098142,0.2127475947423488,short
Antigravity_Beast,5079.69,5085.337663148244,-0.174846135843071,short
Antigravity_Beast,5083.46,5090.1195667140155,-0.19312197373261908,short
Antigravity_Beast,5083.46,5090.075539284709,-0.19232916300760422,short
Antigravity_Beast,5088.51,5095.352072150322,-0.1964811056252721,short
Antigravity_Beast,5117.09,5104.560161817596,-0.29913296844836035,long
Antigravity_Beast,5105.73,5162.779053795557,0.9529497031327067,long
Antigravity_Beast,5165.0,5150.34344017862,-0.3380885495541286,long
Antigravity_Beast,5152.56,5138.204396578223,-0.3324943652473534,long
Antigravity_Beast,5152.45,5165.781009616561,-0.3142494363673455,short
Antigravity_Beast,5151.2,5084.25413637564,1.1313302754565724,short
Antigravity_Beast,5080.65,5034.906116995261,0.7505578900429282,short
Antigravity_Beast,5084.45,5098.034990150194,-0.31784371463257777,short
Antigravity_Beast,5111.77,5106.800677275139,-0.1630215179238923,long
Antigravity_Beast,5107.83,5103.271748501441,-0.15556845956327242,long
Antigravity_Beast,5115.37,5141.858854977905,0.40294734184645353,long
Antigravity_Beast,5141.88,5133.274984854796,-0.22887138850463662,long
Antigravity_Beast,5136.13,5128.463357932466,-0.2119046293927214,long
Antigravity_Beast,5111.75,5117.395677815747,-0.17527204956372205,short
Antigravity_Beast,5114.97,5119.282021046858,-0.1513029933949779,short
Antigravity_Beast,5100.93,5104.922672668717,-0.14535024728010806,short
Antigravity_Beast,5121.19,5116.091828576062,-0.16547551479662903,long
Antigravity_Beast,5112.84,5118.721936821981,-0.17954210874077753,short
Antigravity_Beast,5116.6,5121.321416848218,-0.15869853746922782,short
Antigravity_Beast,5111.01,5096.784434386882,0.18256406110854395,short
Antigravity_Beast,5098.25,5102.934428301594,-0.1577682373124703,short
Antigravity_Beast,5103.02,5108.038001964554,-0.16384365297610148,short
Antigravity_Beast,5110.82,5107.376905859167,-0.13554671225717507,long
Antigravity_Beast,5101.75,5104.746267019635,-0.12741957947596444,short
Antigravity_Beast,5103.0,5106.196362482829,-0.13104073850079098,short
Antigravity_Beast,5110.5,5103.350891847776,-0.20222367316132808,long
Antigravity_Beast,5100.25,5107.904391623218,-0.21127776083760458,short
Antigravity_Beast,5112.0,5104.995332341013,-0.1996463842546262,long
Antigravity_Beast,5111.35,5103.464763072654,-0.21548093098635723,long
Antigravity_Beast,5114.07,5110.723523069297,-0.1338550981187515,long
Antigravity_Beast,5112.84,5109.604987630122,-0.13183182656873998,long
Antigravity_Beast,5115.56,5112.750041630382,-0.12422308295287122,long
Antigravity_Beast,5101.09,5104.479449096613,-0.13449018377253202,short
Antigravity_Beast,5110.66,5118.396036301644,0.06559944996822308,long
Antigravity_Beast,5121.55,5130.2295866918075,0.08241974742835118,long
Antigravity_Beast,5128.25,5125.411185965223,-0.12492501316493539,long
Antigravity_Beast,5128.84,5143.025713740698,0.18138541419362722,long
Antigravity_Beast,5146.65,5141.009546101838,-0.17559931889883965,long
Antigravity_Beast,5146.81,5142.068617148552,-0.1594248173695368,long
Antigravity_Beast,5142.98,5141.665864643291,-0.09770388664619194,long
Antigravity_Beast,5140.34,5132.933317316937,-0.2072878561798174,long
Antigravity_Beast,5148.25,5143.622250597362,-0.15740096945178633,long
Antigravity_Beast,5140.74,5145.523499912068,-0.16016409561658695,short
Antigravity_Beast,5162.31,5189.695785244703,0.41840969275088624,long
Antigravity_Beast,5190.1,5186.090832923749,-0.14687358136957418,long
Antigravity_Beast,5174.53,5164.806925281776,0.10057211906600086,short
Antigravity_Beast,5159.82,5163.611472575012,-0.14257521295276415,short
Antigravity_Beast,5165.05,5169.54024332302,-0.15523342956628516,short
Antigravity_Beast,5184.0,5196.502058300427,0.15029743458792386,long
Antigravity_Beast,5195.21,5190.912502010386,-0.1521350458275337,long
Antigravity_Beast,5193.06,5188.093226559765,-0.16414622515547034,long
Antigravity_Beast,5172.75,5176.3933598515105,-0.1400943095181193,short
Antigravity_Beast,5191.24,5188.681870334117,-0.12078177145229813,long
Antigravity_Beast,5188.01,5185.348653481175,-0.12259241964392648,long
Antigravity_Beast,5199.5,5195.4892684960405,-0.14703708980444258,long
Antigravity_Beast,5198.78,5216.957553396014,0.2522026507438087,long
Antigravity_Beast,5221.04,5215.889529701924,-0.16785435797921394,long
Antigravity_Beast,5219.79,5213.101646268318,-0.195507187023402,long
Antigravity_Beast,5213.51,5205.9670624249675,-0.21079311120004904,long
Antigravity_Beast,5202.99,5238.03715488338,0.555673392385684,long
Antigravity_Beast,5235.76,5231.761012104739,-0.14734793340185307,long
Antigravity_Beast,5233.92,5229.01311758718,-0.16365700187738533,long
Antigravity_Beast,5229.0,5226.0793122010755,-0.12784895142848907,long
Antigravity_Beast,5220.75,5223.798039458091,-0.1300654561297344,short
Antigravity_Beast,5223.99,5227.065707440752,-0.13061033502710961,short
Antigravity_Beast,5217.36,5199.268371909773,0.2506495813463275,short
Antigravity_Beast,5192.48,5200.138428036575,-0.2126785573402144,short
Antigravity_Beast,5198.49,5208.261765078352,-0.2508203841189086,short
Antigravity_Beast,5209.56,5205.144655932427,-0.15446206673903903,long
Antigravity_Beast,5202.76,5206.859390225774,-0.14873828367356093,short
Antigravity_Beast,5215.0,5212.866201519718,-0.11348900929602096,long
Antigravity_Beast,5209.65,5208.00601014283,-0.10459894070208477,long
Antigravity_Beast,5210.25,5208.651924415248,-0.1037814543813298,long
Antigravity_Beast,5205.02,5206.641301019443,-0.10414737971730316,short
Antigravity_Beast,5207.99,5204.302722401624,-0.008597510830529842,short
Antigravity_Beast,5202.93,5197.105816083402,0.02995505262297224,short
Antigravity_Beast,5195.91,5198.47817662113,-0.12106677405201355,short
Antigravity_Beast,5199.74,5202.816540043086,-0.13027612786386586,short
Antigravity_Beast,5201.71,5204.654208978003,-0.127921583908699,short
Antigravity_Beast,5207.89,5205.737102695275,-0.11373026662446009,long
Antigravity_Beast,5205.31,5202.942309644895,-0.1175578430213327,long
Antigravity_Beast,5202.86,5192.665721571888,0.10864922651069531,short
Antigravity_Beast,5187.88,5190.992922362137,-0.13076048755946415,short
Antigravity_Beast,5186.52,5189.93401978269,-0.13616282503083985,short
Antigravity_Beast,5194.79,5192.529415740728,-0.1154792164602299,long
Antigravity_Beast,5193.53,5191.794322381951,-0.10601653224602506,long
Antigravity_Beast,5186.73,5188.969546062232,-0.11501686585183984,short
Antigravity_Beast,5187.62,5190.501273824739,-0.1265854020168375,short
Antigravity_Beast,5197.2,5191.33395487652,-0.18038625669775155,long
Antigravity_Beast,5194.54,5190.191325259641,-0.15304621086832326,long
Antigravity_Beast,5176.85,5150.566198194876,0.3987510358652345,short
Antigravity_Beast,5151.01,5159.136116750898,-0.2205031535567593,short
Antigravity_Beast,5162.92,5172.168536976777,-0.24088630304822523,short
Antigravity_Beast,5188.15,5180.59607053863,-0.21062570201253794,long
Antigravity_Beast,5174.65,5179.590315087443,-0.1634762018426071,short
Antigravity_Beast,5161.61,5164.564504627761,-0.1275295397330306,short
Antigravity_Beast,5171.07,5173.217141657128,-0.11312741724824407,short
Antigravity_Beast,5176.46,5174.394432200141,-0.11170637230930856,long
Antigravity_Beast,5170.65,5172.001097152889,-0.09878683665151092,short
Antigravity_Beast,5172.44,5173.787150330111,-0.09874154142438589,short
Antigravity_Beast,5174.98,5180.1060125764625,0.017711607085782136,long
Antigravity_Beast,5181.45,5180.28844375994,-0.0955125291161558,long
Antigravity_Beast,5180.4,5179.148554912951,-0.09711476116224667,long
Antigravity_Beast,5178.4,5177.335163593183,-0.09372834850056862,long
Antigravity_Beast,5177.09,5176.454162473891,-0.08599059343977121,long
Antigravity_Beast,5177.77,5177.081008004239,-0.0869567831813316,long
Antigravity_Beast,5177.68,5177.027364575984,-0.08630133065723325,long
Antigravity_Beast,5175.59,5176.30151474404,-0.08734088429887636,short
Antigravity_Beast,5176.62,5175.739307754905,-0.09038944742754362,long
Antigravity_Beast,5173.51,5174.3543443847475,-0.08970282220502111,short
Antigravity_Beast,5174.76,5175.72260548234,-0.09185037344159686,short
Antigravity_Beast,5181.75,5179.305065580798,-0.11860841601781184,long
Antigravity_Beast,5178.51,5175.776846609079,-0.12374762633216269,long
Antigravity_Beast,5177.53,5174.5577861346055,-0.12803488163726517,long
Antigravity_Beast,5172.93,5158.819303170388,0.17960394795020013,short
Antigravity_Beast,5160.77,5164.413390334525,-0.13992234643184337,short
Antigravity_Beast,5164.36,5168.283049775572,-0.14500992591868928,short
Antigravity_Beast,5162.83,5144.397200582583,0.2575783536693168,short
Antigravity_Beast,5141.8,5148.6615801047965,-0.19759976526308798,short
Antigravity_Beast,5149.24,5157.1826522683805,-0.2171739839271849,short
Antigravity_Beast,5152.0,5137.3265908499625,0.19003821324655554,short
Antigravity_Beast,5136.84,5141.078016508106,-0.1502853068647633,short
Antigravity_Beast,5168.78,5165.598131481364,-0.13168115588210272,long
Antigravity_Beast,5153.39,5139.313486209302,0.17926978313186243,short
Antigravity_Beast,5152.91,5150.885889942115,-0.1106213114495147,long
Antigravity_Beast,5153.38,5151.07491841259,-0.11568354398595629,long
Antigravity_Beast,5148.89,5150.584630971515,-0.10465957483026356,short
Antigravity_Beast,5153.8,5163.073860120753,0.09264799038068355,long
Antigravity_Beast,5162.85,5157.701532279292,-0.1669803900051574,long
Antigravity_Beast,5158.44,5181.0038366366725,0.3317050638363287,long
Antigravity_Beast,5182.67,5179.316682069748,-0.13496602685544107,long
Antigravity_Beast,5179.35,5175.800455456366,-0.13844888506470704,long
Antigravity_Beast,5177.53,5174.532680068167,-0.1284866100694823,long
Antigravity_Beast,5183.43,5181.06361464975,-0.11721929032998382,long
Antigravity_Beast,5177.5,5179.788650198097,-0.11576818184716414,short
Antigravity_Beast,5178.45,5176.089786299797,-0.11703653306500572,long
Antigravity_Beast,5173.81,5175.399176605527,-0.10311948497103711,short
Antigravity_Beast,5175.35,5176.734029503844,-0.09944753608161105,short
Antigravity_Beast,5174.65,5176.37068196957,-0.10549962436244541,short
Antigravity_Beast,5166.48,5169.024425665456,-0.1202152938430065,short
Antigravity_Beast,5169.31,5172.172198562876,-0.12597824596140567,short
Antigravity_Beast,5180.8,5177.934646014973,-0.1261592611818022,long
Antigravity_Beast,5180.48,5177.300938406018,-0.13179913144819416,long
Antigravity_Beast,5170.0,5154.929441444182,0.1969305620263263,short
Antigravity_Beast,5154.27,5160.883947902356,-0.19332017066730323,short
Antigravity_Beast,5144.64,5149.577289911652,-0.16298958289709148,short
Antigravity_Beast,5137.41,5113.325273081953,0.359719790558651,short
Antigravity_Beast,5112.05,5116.331211332286,-0.15070614870274313,short
Antigravity_Beast,5116.46,5099.028067026897,0.24022327943326677,short
Antigravity_Beast,5098.99,5102.0571581328095,-0.12865638592913098,short
Antigravity_Beast,5102.73,5090.314742796291,0.1500847075186157,short
Antigravity_Beast,5094.2,5098.513423490318,-0.1510291594748579,short
Antigravity_Beast,5097.33,5101.8733090512615,-0.15521382674787662,short
Antigravity_Beast,5090.8,5076.573932892413,0.18286411561974725,short
Antigravity_Beast,5071.06,5076.829833985717,-0.17692181854760342,short
Antigravity_Beast,5079.8,5086.524294907325,-0.19423484325518636,short
Antigravity_Beast,5100.21,5098.474392845136,-0.1046714564160339,long
Antigravity_Beast,5092.59,5096.102408042059,-0.13658193009496802,short
Antigravity_Beast,5093.09,5097.0758074682735,-0.1451137282426924,short
Antigravity_Beast,5096.6,5100.943964078916,-0.15161366996184958,short
Antigravity_Beast,5103.11,5098.09952844898,-0.1636371965231871,long
Antigravity_Beast,5112.82,5111.000587219011,-0.10636093828576784,long
Antigravity_Beast,5113.6,5122.967551832599,0.09491264661358764,long
Antigravity_Beast,5124.83,5122.523543482386,-0.11529716283011972,long
Antigravity_Beast,5124.0,5121.319075457197,-0.12202293911374655,long
Antigravity_Beast,5122.86,5119.988834693856,-0.12542948712038177,long
Antigravity_Beast,5118.81,5115.369651009076,-0.1356123753239077,long
Antigravity_Beast,5112.13,5114.205394821981,-0.11098672163837281,short
Antigravity_Beast,5115.0,5117.337152335718,-0.11574156953974479,short
Antigravity_Beast,5114.0,5115.970774148712,-0.10912972425068358,short
Antigravity_Beast,5119.11,5118.126884192606,-0.09140419009927722,long
Antigravity_Beast,5118.83,5117.812721591415,-0.09201483894999354,long
Antigravity_Beast,5115.89,5117.174081896056,-0.09679153551865592,short
Antigravity_Beast,5117.29,5112.00122771011,0.021547004378514464,short
Antigravity_Beast,5111.32,5106.318893356112,0.01645291955780913,short
Antigravity_Beast,5106.44,5108.22219686314,-0.10562511135394537,short
Antigravity_Beast,5106.51,5107.6093289346445,-0.09332957999192668,short
Antigravity_Beast,5096.15,5086.0839493950325,0.10787682645376413,short
Antigravity_Beast,5080.64,5084.701351977623,-0.14629479333144402,short
Antigravity_Beast,5072.23,5076.30856571561,-0.1464836605541367,short
Antigravity_Beast,5075.1,5079.312487416673,-0.14893654340951326,short
Antigravity_Beast,5077.76,5081.5353835867345,-0.1411038313230415,short
Antigravity_Beast,5080.52,5084.289760296134,-0.14104231560453384,short
Antigravity_Beast,5093.79,5089.567233110439,-0.14932997609049622,long
Antigravity_Beast,5083.58,5086.9786725054055,-0.13440412753933892,short
Antigravity_Beast,5083.43,5085.936291485165,-0.11833268403166486,short
Antigravity_Beast,5095.04,5091.674582690223,-0.13392185657134845,long
Antigravity_Beast,5109.26,5105.988269259617,-0.13244094086557484,long
Antigravity_Beast,5108.64,5104.9773060165535,-0.13946653630536235,long
Antigravity_Beast,5102.04,5106.935600674783,-0.1616254364709534,short
Antigravity_Beast,5108.99,5103.454965742837,-0.17316022038227893,long
Antigravity_Beast,5097.08,5101.858792263166,-0.15945062004128271,short
Antigravity_Beast,5089.72,5070.898325527197,0.26563368856666447,short
Antigravity_Beast,5071.54,5042.816070321437,0.444207370507817,short
Antigravity_Beast,5040.27,5050.405924806213,-0.2550995131704323,short
Antigravity_Beast,5046.21,5056.876180072768,-0.2647334618063466,short
Antigravity_Beast,5039.76,5048.492327847896,-0.2298173180226357,short
Antigravity_Beast,5059.26,5063.318618498018,-0.14593769901750064,short
Antigravity_Beast,5049.5,5031.762199023977,0.2466953297354451,short
Antigravity_Beast,5027.5,5010.751728193469,0.22919348007456847,short
Antigravity_Beast,5017.86,5024.087315939991,-0.18439370759460696,short
Antigravity_Beast,5020.09,5027.5697314264335,-0.20697831574207004,short
Antigravity_Beast,5028.16,5033.0876610385285,0.016256915534038116,long
Antigravity_Beast,5033.2,5032.162431364172,-0.09114684495071675,long
Antigravity_Beast,5028.83,5028.4507437561715,-0.07923903374395602,long
Antigravity_Beast,5028.89,5028.529262037614,-0.07890670200962491,long
Antigravity_Beast,5028.88,5028.543600449123,-0.07846864183902157,long
Antigravity_Beast,5028.89,5028.576200442687,-0.07806214867482782,long
Antigravity_Beast,5028.92,5028.624328966109,-0.07773639777859878,long
Antigravity_Beast,5028.92,5028.645448372368,-0.0773564005256536,long
Antigravity_Beast,5028.91,5028.6536306952785,-0.07702910562599075,long
