type,entry,exit,profit
LONG,5369.27,5380.63,52.893596336185695
LONG,5382.26,5382.79,2.623641301382871
LONG,5382.07,5390.06,38.166535033559114
LONG,5386.81,5383.66,-15.547765915988874
LONG,5385.41,5385.1,-1.4245088995578392
LONG,5346.25,5342.83,-15.151854739895061
LONG,5347.94,5338.0,-40.85430296707382
LONG,5349.29,5339.4,-35.234827023517546
LONG,5325.41,5312.3,-40.700669951681164
LONG,5300.85,5300.99,0.3654164572727336
LONG,5298.54,5336.77,95.96694004056378
LONG,5338.31,5338.29,-0.06580761431779665
LONG,5335.01,5335.03,0.06320204719627241
LONG,5330.5,5341.29,32.767693473445966
LONG,5341.72,5338.01,-11.930810238802497
LONG,5339.61,5338.32,-3.8399083440369295
LONG,5333.91,5333.37,-1.525311161529303
LONG,5333.24,5332.57,-1.807458452974647
LONG,5335.75,5347.08,29.136555714966054
LONG,5348.57,5348.45,-0.3282137392388148
LONG,5351.83,5352.39,1.4677840239501354
LONG,5357.13,5359.39,5.711936852459537
LONG,5360.28,5363.28,7.434427566319989
LONG,5363.28,5362.41,-2.128861258281455
LONG,5358.26,5353.87,-10.234915814686572
LONG,5352.22,5355.43,6.885556086922681
LONG,5356.9,5359.63,5.792173014614821
LONG,5361.5,5366.14,9.693216669876717
LONG,5367.01,5377.35,21.648876128890745
LONG,5385.2,5392.91,16.993515113075873
LONG,5398.38,5383.49,-33.771855806039575
LONG,5384.09,5403.75,36.75227129906712
LONG,5386.41,5384.0,-5.145025803992882
LONG,5387.4,5386.15,-2.501655748269957
LONG,5389.28,5382.17,-13.490389992885552
LONG,5387.62,5380.7,-11.741858463341478
LONG,5381.74,5383.56,2.7692658614020726
LONG,5384.64,5392.02,10.963943329259255
LONG,5390.59,5386.01,-6.99038223413399
LONG,5388.77,5389.39,0.868521564135509
LONG,5389.8,5403.15,18.05726941534242
LONG,5404.97,5401.5,-5.072557675199612
LONG,5404.01,5402.45,-2.1163835924392522
LONG,5408.06,5401.45,-8.472961082695512
LONG,5402.8,5408.87,7.000653614682177
LONG,5408.91,5405.18,-4.3664308645063725
LONG,5403.51,5399.43,-4.424772877259703
LONG,5395.78,5401.24,5.468714058131218
LONG,5403.81,5404.1,0.2930982486018292
LONG,5406.53,5404.65,-1.8282579828577212
LONG,5407.0,5408.17,1.0724035516853327
LONG,5399.15,5401.39,1.9961255144122572
LONG,5403.23,5401.9,-1.161489786723254
LONG,5404.42,5396.57,-6.495356347331011
LONG,5399.16,5393.44,-4.203827224888933
LONG,5395.0,5396.3,0.8672371245850211
LONG,5398.12,5403.19,3.285768987031094
LONG,5402.0,5401.65,-0.2282388266218631
LONG,5402.19,5402.81,0.3868125236737773
LONG,5403.45,5401.06,-1.4396732315945837
LONG,5400.45,5400.46,0.005652654982094443
LONG,5402.53,5402.39,-0.07594975464913609
LONG,5404.8,5405.01,0.10917410466392712
LONG,5405.79,5405.25,-0.2699997870947983
LONG,5403.45,5403.17,-0.1337582644566811
LONG,5403.31,5406.96,1.66941293677942
LONG,5402.85,5402.9,0.02272795239473612
LONG,5407.1,5404.45,-1.1560460062662843
LONG,5406.0,5403.25,-1.1225024629818383
LONG,5411.69,5409.79,-0.724029502891121
LONG,5410.31,5410.61,0.1077674596458131
LONG,5411.1,5421.92,3.7415660066570893
LONG,5425.25,5426.59,0.4898666837657087
LONG,5425.0,5423.4,-0.5687656529756165
LONG,5427.01,5427.14,0.04366579949580656
LONG,5430.34,5433.22,0.9292587597476238
LONG,5438.23,5432.52,-1.8148884502387916
LONG,5434.0,5426.97,-2.029290851756617
LONG,5433.74,5430.0,-0.966594927708116
LONG,5432.09,5426.98,-1.2227445683613585
LONG,5427.2,5429.8,0.5684919967256649
LONG,5431.91,5425.59,-1.358506298978329
LONG,5426.28,5423.31,-0.5763185232292908
LONG,5412.42,5402.29,-1.8379430532480363
LONG,5393.96,5427.4,5.2745063215294
LONG,5419.18,5407.48,-2.3325382989622714
LONG,5409.74,5408.51,-0.20928993020956388
LONG,5406.98,5411.36,0.7073501905954965
LONG,5395.38,5378.85,-2.6765625270434787
LONG,5380.0,5376.28,-0.4873347178795554
LONG,5375.88,5377.55,0.20261402692172098
LONG,5382.77,5374.03,-1.0331113146640916
LONG,5376.54,5379.66,0.3244700762799823
LONG,5382.2,5376.28,-0.6082506331878557
LONG,5377.33,5393.05,1.4630071277356702
LONG,5394.3,5399.01,0.4833313946272238
LONG,5400.95,5400.14,-0.08332050653891053
LONG,5403.0,5406.03,0.29676243001611463
LONG,5408.18,5405.8,-0.23008942784375258
LONG,5402.99,5401.8,-0.10801415938492996
LONG,5406.84,5404.6,-0.19281059951488486
LONG,5395.01,5393.72,-0.10452439124844046
LONG,5392.33,5387.71,-0.355068577103346
LONG,5390.04,5388.85,-0.08391495049019385
LONG,5393.96,5402.8,0.5911195348097709
LONG,5404.64,5419.75,1.0506521945380338
LONG,5418.66,5416.0,-0.20287925010537913
LONG,5422.11,5454.8,2.330842463468594
LONG,5447.53,5446.85,-0.060870160404495735
LONG,5443.87,5445.96,0.1785546038898384
LONG,5447.8,5446.74,-0.0886101362245682
LONG,5448.14,5449.0,0.06831164159004335
LONG,5447.38,5438.68,-0.6689626400498943
LONG,5432.8,5433.74,0.06378417347053407
LONG,5434.51,5429.77,-0.31145305494157655
LONG,5433.71,5431.41,-0.13850900543703823
LONG,5432.17,5431.81,-0.02035923781786535
LONG,5436.8,5434.51,-0.12379226074691524
LONG,5436.65,5433.63,-0.1532889315837227
LONG,5432.45,5430.26,-0.10370493630984197
LONG,5429.35,5428.99,-0.01603088358406016
LONG,5428.81,5428.54,-0.011503503808674044
LONG,5429.06,5422.4,-0.2716845585712272
LONG,5425.41,5426.19,0.02861294840493476
LONG,5425.91,5429.06,0.11175020466189621
LONG,5412.55,5414.61,0.07245675470150581
LONG,5415.01,5416.31,0.044745588474216974
LONG,5419.96,5419.44,-0.017381175990059547
LONG,5424.3,5419.71,-0.14643188290028267
LONG,5425.2,5425.0,-0.0058542205634274065
LONG,5420.1,5419.36,-0.02077377808605111
LONG,5421.77,5439.21,0.46651670522049815
LONG,5436.86,5426.01,-0.32438399021875397
LONG,5429.43,5423.6,-0.15013452900764263
LONG,5423.08,5421.65,-0.033413603499725754
LONG,5423.08,5419.0,-0.09026313868197808
LONG,5368.83,5354.86,-0.28795010283349876
LONG,5364.81,5350.24,-0.24940361113496015
LONG,5346.55,5361.18,0.20709816914001988
LONG,5353.98,5353.44,-0.008372114580518352
LONG,5306.7,5299.74,-0.10396466549031488
LONG,5312.98,5314.01,0.013744536249434508
LONG,5325.56,5313.89,-0.15065004084900666
LONG,5313.3,5315.45,0.023656803608159842
LONG,5318.05,5317.25,-0.008620747268810095
LONG,5318.73,5331.65,0.13259150391597788
LONG,5333.37,5322.09,-0.12484135854271583
LONG,5328.84,5323.88,-0.04693144732816368
LONG,5323.15,5320.24,-0.025177945918580864
LONG,5315.87,5316.62,0.006060441145518113
LONG,5318.73,5336.42,0.13816143325711366
LONG,5345.29,5343.32,-0.017242092918337327
LONG,5348.44,5344.46,-0.03277942760665363
LONG,5341.59,5340.56,-0.007838073490842113
LONG,5344.87,5344.25,-0.004481082926506528
LONG,5347.76,5350.01,0.015508772487766064
LONG,5359.62,5353.15,-0.043653461878575696
LONG,5357.44,5359.42,0.012023031504286618
LONG,5356.13,5348.8,-0.043561938097942676
LONG,5353.36,5350.19,-0.016804711911703567
LONG,5354.57,5351.98,-0.01277126924772944
LONG,5348.14,5341.75,-0.029521778981277603
LONG,5333.91,5339.59,0.02368663246476814
LONG,5343.33,5338.95,-0.018474291804829297
LONG,5338.96,5337.37,-0.006168231642118277
LONG,5340.91,5346.36,0.019974726117550027
LONG,5355.01,5351.53,-0.012860861852288113
LONG,5350.39,5347.11,-0.0112525424318976
LONG,5348.42,5347.65,-0.0024558403396110593
LONG,5350.84,5358.48,0.023206383897630696
LONG,5358.33,5383.14,0.07761480239178477
LONG,5372.69,5370.67,-0.007508795863087263
LONG,5366.01,5378.34,0.04319180195572265
LONG,5383.56,5393.99,0.03914261735682397
LONG,5391.7,5386.72,-0.019721682638144798
LONG,5368.22,5360.6,-0.02769592613363367
LONG,5358.1,5362.27,0.013499492094048998
LONG,5362.94,5366.46,0.011372418481829199
LONG,5366.7,5375.7,0.028847761522074092
LONG,5377.01,5375.3,-0.005710268199205854
LONG,5380.89,5379.9,-0.0031188674561034705
LONG,5378.05,5378.45,0.0011987782139847869
LONG,5379.87,5377.91,-0.00565897331089333
LONG,5374.83,5373.94,-0.002422292324520316
LONG,5371.22,5368.65,-0.006661460406503236
LONG,5368.44,5376.7,0.020051551186247976
LONG,5372.84,5371.75,-0.0027414203598196815
LONG,5370.66,5367.21,-0.008245188186117055
LONG,5368.45,5368.47,4.4368679982646246e-05
LONG,5371.52,5365.14,-0.013582332757145243
LONG,5366.45,5362.71,-0.007177315168184476
LONG,5352.1,5339.61,-0.022234284039626205
LONG,5334.2,5325.76,-0.01271231987439525
LONG,5318.7,5322.05,0.004457547645193433
LONG,5325.7,5319.6,-0.008036996934468266
LONG,5319.88,5326.79,0.008227426073798807
LONG,5327.79,5328.5,0.0008651444231031305
LONG,5329.06,5339.76,0.012600405082125966
LONG,5345.3,5340.35,-0.006162186444114769
LONG,5340.54,5329.5,-0.012568380531776125
LONG,5322.02,5317.8,-0.004129605712027645
LONG,5313.88,5306.4,-0.006746983246882569
LONG,5311.45,5308.82,-0.002111311841112979
LONG,5282.69,5274.74,-0.006001243038257534
LONG,5275.39,5274.01,-0.0009229147939106031
LONG,5277.77,5283.55,0.003658689413656503
LONG,5296.44,5287.39,-0.005792496593355181
LONG,5286.45,5281.44,-0.0028096363350731774
LONG,5273.35,5268.33,-0.002575562395436929
LONG,5261.55,5249.81,-0.005507907004701537
LONG,5211.3,5223.84,0.005039412018544803
LONG,5220.94,5203.91,-0.007379477257217351
LONG,5173.12,5144.13,-0.010102463135022166
LONG,5170.65,5175.77,0.001213296650845031
LONG,5181.86,5207.4,0.006096486204843338
LONG,5211.27,5211.81,0.00015461925739051788
LONG,5219.06,5213.02,-0.0016667325389419505
LONG,5215.06,5203.84,-0.0027952154357926843
LONG,5180.94,5187.17,0.0013316695281937656
LONG,5198.3,5183.3,-0.0032597907256904676
LONG,5162.7,5162.25,-8.031689431513362e-05
LONG,5160.98,5169.98,0.001535592449866236
LONG,5161.5,5133.34,-0.0050307705823211925
LONG,5130.0,5107.42,-0.0027887241515332263
LONG,5084.8,5087.26,0.00022677464756233343
LONG,5085.54,5081.12,-0.000400952594709143
LONG,5073.51,5068.54,-0.000414190873488853
LONG,5067.7,5077.04,0.0007099164772435822
LONG,5097.85,5118.85,0.0016694249356704318
LONG,5127.55,5129.7,0.00019811601943285997
LONG,5142.49,5128.9,-0.0012248613110915016
LONG,5125.79,5123.57,-0.00016617480317439662
LONG,5111.49,5112.2,5.000832225603862e-05
LONG,5103.86,5095.45,-0.0005736265972418553
LONG,5095.94,5113.69,0.0010641234760912657
LONG,5119.19,5144.94,0.0017427734612872408
LONG,5153.1,5147.46,-0.00045937198002928416
LONG,5130.0,5121.65,-0.0006184340883020208
LONG,5125.15,5137.94,0.0008330504094682848
LONG,5137.21,5131.94,-0.00037145912774004004
LONG,5134.15,5129.41,-0.00030377488575544537
LONG,5137.77,5139.21,8.427341492641752e-05
LONG,5111.27,5118.85,0.0004343159513521121
LONG,5115.01,5107.87,-0.0004227544107197599
LONG,5110.41,5103.33,-0.00037349994974055243
LONG,5108.18,5114.34,0.000289574251668159
LONG,5117.79,5118.83,4.978654439142948e-05
LONG,5119.84,5122.27,0.0001128113561238308
LONG,5128.43,5145.14,0.0007618460371140761
LONG,5148.78,5145.93,-0.00014532406463993114
LONG,5146.8,5137.54,-0.0004403846768767244
LONG,5144.8,5142.25,-0.00010554849393305678
LONG,5139.95,5132.24,-0.00029873351771726465
LONG,5132.66,5136.03,0.00011571883799943595
LONG,5144.63,5138.7,-0.0002016907165585035
LONG,5147.99,5143.85,-0.00012697556687931517
LONG,5160.06,5165.0,0.00013903074907614183
LONG,5173.85,5166.99,-0.00019406365517395227
LONG,5170.06,5188.61,0.0004693140898755838
LONG,5190.0,5183.3,-0.00019238487403728038
LONG,5195.0,5192.99,-5.1630241618548166e-05
LONG,5184.67,5177.3,-0.0001784294653274468
LONG,5169.1,5176.75,0.00016512695655651027
LONG,5176.08,5188.03,0.00026634553356487276
LONG,5190.43,5184.66,-0.00013791656295327894
LONG,5179.5,5180.24,1.603045477451892e-05
LONG,5178.15,5177.36,-1.655556781175944e-05
LONG,5169.59,5169.89,5.997384638421443e-06
LONG,5170.36,5168.6,-3.387427518111097e-05
LONG,5171.41,5170.19,-2.21374855328321e-05
LONG,5168.25,5174.53,0.00010811684302431326
LONG,5178.5,5170.1,-0.00014732076035788467
LONG,5179.76,5170.47,-0.00014315809132233736
LONG,5158.01,5151.15,-9.238784436450419e-05
LONG,5159.18,5158.2,-1.1789642702827885e-05
LONG,5163.2,5179.51,0.00018635529107020494
LONG,5180.64,5181.9,1.6039455374490567e-05
LONG,5184.91,5182.55,-2.9181602481768014e-05
LONG,5187.05,5184.36,-3.116144321279703e-05
LONG,5172.13,5180.99,9.61445403114433e-05
LONG,5181.35,5187.9,7.418761118013455e-05
LONG,5179.98,5185.63,6.549472916984696e-05
LONG,5189.0,5193.86,5.705544397569409e-05
LONG,5195.18,5203.65,9.99943120160306e-05
LONG,5198.47,5194.28,-5.148540045494881e-05
LONG,5197.29,5201.5,4.7587093843720796e-05
LONG,5207.54,5203.11,-4.999954182699451e-05
LONG,5206.99,5205.98,-1.045950764213283e-05
LONG,5202.64,5201.89,-7.38709595507559e-06
LONG,5205.62,5210.14,4.2393479963210525e-05
LONG,5181.94,5171.7,-9.680851963941774e-05
LONG,5188.99,5196.35,5.983877659009393e-05
LONG,5203.25,5196.35,-5.767331036886242e-05
LONG,5193.56,5196.24,2.005610994865732e-05
LONG,5199.15,5193.96,-3.824695461256156e-05
LONG,5183.58,5181.46,-1.4260730208427035e-05
LONG,5182.43,5173.82,-5.442794115165164e-05
LONG,5176.19,5181.26,2.813836426657723e-05
LONG,5170.67,5159.07,-6.502553202971414e-05
LONG,5154.35,5161.27,3.2990594509567803e-05
LONG,5154.5,5161.35,3.3540929702625e-05
LONG,5152.8,5149.75,-1.5333906788817486e-05
LONG,5159.15,5160.82,7.801908100659336e-06
LONG,5156.75,5156.97,1.003779437704553e-06
LONG,5159.0,5158.94,-2.632765610661152e-07
LONG,5160.14,5154.33,-2.4453954586218022e-05
LONG,5144.45,5147.67,1.2284749752836929e-05
LONG,5147.11,5142.54,-1.7274279903192035e-05
LONG,5149.01,5149.19,6.227249304132602e-07
LONG,5130.0,5133.87,1.2924150831660953e-05
LONG,5130.56,5126.19,-1.4558843882620636e-05
LONG,5132.74,5137.98,1.6008425648019665e-05
LONG,5142.0,5141.02,-3.0214976488457833e-06
LONG,5138.3,5134.6,-1.0850443403002187e-05
LONG,5134.44,5137.06,7.104551879838343e-06
LONG,5137.06,5144.07,1.8723634445405507e-05
LONG,5139.63,5150.02,2.8519970859465256e-05
LONG,5150.52,5150.5,-5.812658176380815e-08
LONG,5150.91,5146.34,-1.2747101972891821e-05
LONG,5150.01,5149.35,-1.6858964901746347e-06
LONG,5153.85,5156.79,7.15602983660102e-06
LONG,5156.41,5154.9,-3.6313455724884932e-06
LONG,5158.52,5157.08,-3.2724202770265735e-06
LONG,5157.12,5157.12,0.0
LONG,5157.6,5164.4,1.4036934652094634e-05
LONG,5168.0,5168.7,1.4794142405651187e-06
LONG,5167.23,5175.02,1.591904357590904e-05
LONG,5177.14,5175.78,-2.8719241098614114e-06
LONG,5179.82,5184.35,9.053016287814989e-06
LONG,5185.8,5177.63,-1.6369079865464128e-05
LONG,5179.72,5177.31,-4.259916601426816e-06
LONG,5184.75,5188.14,5.607576443598579e-06
LONG,5187.37,5183.23,-6.794621259748769e-06
LONG,5180.53,5181.12,8.921035665280719e-07
LONG,5182.45,5179.58,-4.189121153162823e-06
LONG,5185.86,5186.43,7.751496918337154e-07
LONG,5188.33,5192.06,4.895106138125003e-06
LONG,5194.95,5190.24,-6.148227846659049e-06
LONG,5190.42,5196.14,6.835315892855166e-06
LONG,5196.66,5195.94,-8.723149223481417e-07
LONG,5194.22,5192.68,-1.779058189522555e-06
LONG,5191.75,5192.06,3.386472689521251e-07
LONG,5190.79,5185.46,-5.608059554393436e-06
LONG,5179.02,5182.29,3.1333591769404353e-06
LONG,5181.49,5177.31,-3.969623712246604e-06
LONG,5175.46,5170.0,-4.774116693347303e-06
LONG,5158.19,5148.45,-7.752260398363037e-06
LONG,5146.61,5160.24,9.410942552468016e-06
LONG,5165.13,5172.27,5.365904971388258e-06
LONG,5173.07,5171.41,-1.2818552300073423e-06
LONG,5172.05,5171.16,-6.488660430101636e-07
LONG,5159.76,5175.08,1.0651647779024833e-05
LONG,5175.45,5177.67,1.705641619991915e-06
LONG,5184.43,5185.85,1.0688911817071405e-06
LONG,5171.55,5170.59,-7.053701876714589e-07
LONG,5173.81,5172.77,-7.261723102230911e-07
LONG,5171.84,5168.73,-2.063624879293753e-06
LONG,5165.79,5166.76,5.992342546890988e-07
LONG,5170.25,5164.39,-3.506258916501065e-06
LONG,5164.23,5168.91,2.53240721787526e-06
LONG,5169.17,5170.25,5.869337860979073e-07
LONG,5170.55,5169.0,-8.172423736980934e-07
LONG,5167.72,5168.75,5.134857565780042e-07
LONG,5171.05,5174.86,1.8411576909255183e-06
LONG,5174.75,5173.81,-4.524828672798574e-07
LONG,5171.71,5171.46,-1.1450136267735362e-07
LONG,5159.93,5161.9,8.659707396025801e-07
LONG,5164.74,5150.59,-6.084259692277456e-06
LONG,5130.82,5128.63,-7.800727561634668e-07
LONG,5136.41,5125.92,-3.503460238890205e-06
LONG,5138.01,5132.98,-1.4406658708423337e-06
LONG,5123.15,5118.98,-1.0912458592065132e-06
LONG,5128.86,5108.15,-4.976609621731258e-06
LONG,5115.55,5106.05,-1.734952951826769e-06
LONG,5098.33,5094.45,-6.165009726740426e-07
LONG,5102.21,5099.6,-3.8204240493914427e-07
LONG,5101.32,5103.79,3.3789555030411763e-07
LONG,5089.72,5090.67,1.281979395535876e-07
LONG,5076.99,5077.25,3.40949053495838e-08
LONG,5082.5,5090.87,1.0553539165016373e-06
LONG,5089.92,5096.74,8.949931767719589e-07
LONG,5094.76,5091.89,-3.86421726396603e-07
LONG,5078.37,5076.93,-1.8124863051687392e-07
LONG,5073.81,5081.36,8.996140768283934e-07
LONG,5091.8,5088.0,-4.6669427548005254e-07
LONG,5095.61,5092.76,-3.2271219358041765e-07
LONG,5087.53,5090.05,2.6637112655950113e-07
LONG,5080.98,5081.94,1.0005670750405236e-07
LONG,5078.89,5082.88,4.033192264649226e-07
LONG,5084.01,5079.46,-4.591243291101351e-07
LONG,5085.33,5082.72,-2.4097877858103474e-07
LONG,5085.34,5098.27,1.1154116580400607e-06
LONG,5093.14,5088.97,-3.9045259378337936e-07
LONG,5090.48,5090.16,-2.755157695612076e-08
LONG,5092.95,5091.22,-1.4245520482338579e-07
LONG,5094.85,5094.5,-2.7167775806014268e-08
LONG,5094.1,5092.5,-1.1881845304423728e-07
LONG,5091.05,5096.6,3.89423410167817e-07
LONG,5099.24,5100.01,5.4722710582184737e-08
LONG,5101.33,5099.61,-1.1822232168867479e-07
LONG,5100.55,5100.73,1.1670347043277287e-08
LONG,5105.63,5104.98,-4.049120710903763e-08
LONG,5107.06,5108.73,9.91797482949243e-08
LONG,5106.99,5106.76,-1.333653175333099e-08
LONG,5108.6,5104.35,-2.3594894221132516e-07
LONG,5108.03,5101.69,-3.2329015033900693e-07
LONG,5095.96,5093.47,-1.1427881130460361e-07
LONG,5102.47,5089.72,-5.46755718895024e-07
LONG,5093.33,5092.22,-3.981775108855544e-08
LONG,5097.84,5098.22,1.2926010154599293e-08
LONG,5101.31,5144.49,1.4145601019955587e-06
LONG,5140.07,5138.36,-7.689305480477037e-08
LONG,5141.02,5137.22,-1.6116528147404788e-07
LONG,5137.91,5134.56,-1.312230644771825e-07
LONG,5137.22,5135.26,-7.120990000473814e-08
LONG,5137.79,5146.34,2.9224900696555004e-07
LONG,5142.92,5141.6,-4.702015646275141e-08
LONG,5142.92,5143.3,1.2820880705263161e-08
LONG,5144.26,5143.65,-1.9828489192528482e-08
LONG,5141.2,5138.73,-7.664693602740156e-08
LONG,5140.25,5135.9,-1.263655563618309e-07
LONG,5136.08,5131.23,-1.2939579752205108e-07
LONG,5133.8,5131.14,-6.480558183174359e-08
LONG,5135.13,5132.09,-6.916355159781604e-08
LONG,5134.62,5130.65,-8.404299200988776e-08
LONG,5126.58,5125.23,-2.6371715281198767e-08
LONG,5129.22,5124.34,-9.021358968868484e-08
LONG,5127.72,5129.26,2.598304872876401e-08
LONG,5130.55,5127.33,-5.294133530963799e-08
LONG,5119.22,5123.05,5.8604340342211206e-08
LONG,5122.96,5121.76,-1.8300435857049084e-08
LONG,5123.68,5125.75,2.993144050859905e-08
LONG,5127.5,5124.23,-4.631190191903928e-08
LONG,5123.25,5119.26,-5.248954663053656e-08
LONG,5117.0,5119.85,3.457446240337994e-08
LONG,5109.0,5103.36,-6.769468554084964e-08
LONG,5108.64,5100.39,-8.959908931939721e-08
LONG,5106.66,5101.79,-4.652062924618294e-08
LONG,5098.24,5095.0,-2.8282322224193314e-08
LONG,5097.5,5097.87,2.9983465093746403e-09
LONG,5100.26,5094.0,-4.885720965782422e-08
LONG,5100.28,5097.84,-1.7112433733973703e-08
LONG,5096.92,5096.88,-2.627704683283217e-10
LONG,5097.38,5104.25,4.3303970467042015e-08
LONG,5096.25,5093.67,-1.67112863601867e-08
LONG,5093.24,5099.51,3.7981833242212484e-08
LONG,5101.62,5101.55,-4.3245661245691653e-10
LONG,5084.3,5127.14,2.54760173013727e-07
LONG,5105.3,5099.64,-4.629589298422326e-08
LONG,5106.57,5102.38,-3.0992907949227405e-08
LONG,5103.56,5103.65,6.121284215717793e-10
LONG,5100.06,5156.12,3.666239632769266e-07
LONG,5159.68,5170.41,1.0469333327745569e-07
LONG,5166.62,5166.62,0.0
LONG,5155.91,5151.75,-4.148752405555641e-08
LONG,5161.3,5153.28,-7.347904221210938e-08
LONG,5156.79,5149.0,-6.302463848221201e-08
LONG,5153.6,5146.97,-4.7470380778168013e-08
LONG,5150.01,5149.49,-3.3369802998358273e-09
LONG,5154.3,5151.4,-1.7756896292152266e-08
LONG,5159.46,5156.3,-1.8012367918322007e-08
LONG,5152.12,5147.2,-2.610075905904405e-08
LONG,5152.45,5156.6,2.0082342220636976e-08
LONG,5156.04,5156.77,3.531000653646294e-09
LONG,5158.6,5170.07,5.3626999112907014e-08
LONG,5171.88,5176.51,2.3127372883202116e-08
LONG,5169.79,5171.25,7.330420007834543e-09
LONG,5168.37,5164.27,-2.0058078572863697e-08
LONG,5164.53,5164.04,-2.2078171650768463e-09
LONG,5168.97,5163.69,-2.2706317127683907e-08
LONG,5169.06,5168.24,-3.205072293911581e-09
LONG,5169.35,5165.79,-1.3246959814446044e-08
LONG,5166.42,5178.38,4.121399236023147e-08
LONG,5178.65,5181.88,1.1944853170780103e-08
LONG,5181.96,5181.11,-3.113646465589004e-09
LONG,5184.07,5185.35,4.4609468439124145e-09
LONG,5186.66,5186.34,-1.0838484050745358e-09
LONG,5184.47,5183.62,-2.7560924448349628e-09
LONG,5182.55,5182.6,1.5436578372038222e-10
LONG,5179.96,5178.62,-3.975504500153881e-09
LONG,5179.2,5181.64,6.8567554789293155e-09
LONG,5180.28,5185.59,1.4673294387550948e-08
LONG,5184.6,5186.22,4.52310548653335e-09
LONG,5184.05,5182.13,-5.230561803550367e-09
LONG,5183.43,5181.74,-4.335050940220944e-09
LONG,5179.84,5178.34,-3.6335380356651e-09
LONG,5180.49,5178.36,-4.877889769571466e-09
LONG,5167.66,5165.08,-5.564359857740427e-09
LONG,5166.22,5166.01,-4.236039671067763e-10
LONG,5167.23,5174.32,1.3697852943830462e-08
LONG,5170.0,5178.77,1.741848305946922e-08
LONG,5178.77,5179.56,1.6365435365319872e-09
LONG,5178.61,5177.32,-2.5858917509268234e-09
LONG,5177.25,5176.78,-8.9295604480503e-10
LONG,5177.0,5180.01,5.464265462198633e-09
LONG,5181.74,5182.23,8.789946578243363e-10
LONG,5180.48,5180.71,3.981325669765469e-10
LONG,5181.59,5180.29,-2.164831490074603e-09
LONG,5182.95,5185.01,3.2493055538347544e-09
LONG,5185.31,5185.6,4.4801218546068646e-10
LONG,5186.11,5185.85,-3.8666255257626133e-10
LONG,5181.54,5182.32,1.111658845919562e-09
LONG,5182.97,5180.11,-3.942618313693149e-09
LONG,5177.82,5177.98,2.058600368065077e-10
LONG,5178.64,5175.0,-4.502503223373579e-09
LONG,5176.49,5176.6,1.2589051873044537e-10
LONG,5176.51,5175.67,-9.23909396068843e-10
LONG,5176.98,5182.8,6.092805373216724e-09
LONG,5182.9,5182.28,-6.58815312003093e-10
LONG,5182.28,5182.28,0.0
LONG,5180.65,5181.76,1.080713618062097e-09
LONG,5181.77,5181.46,-2.9291685460289577e-10
LONG,5183.31,5181.75,-1.410241783617892e-09
LONG,5182.37,5182.56,1.6233351491189018e-10
LONG,5182.17,5181.34,-6.821012559175906e-10
LONG,5180.78,5177.3,-2.72331726554711e-09
LONG,5179.12,5179.64,3.7710342711017024e-10
LONG,5181.39,5180.52,-6.085854441604064e-10
LONG,5181.23,5179.7,-1.0185025868469142e-09
LONG,5181.22,5180.34,-5.537214825015159e-10
LONG,5180.5,5180.59,5.389175962424173e-11
LONG,5182.0,5183.11,6.384706914973043e-10
LONG,5183.89,5183.0,-4.96749317959811e-10
LONG,5180.87,5181.56,3.6662172650365497e-10
LONG,5182.11,5182.75,3.286376390672259e-10
LONG,5182.92,5182.76,-7.936776652163422e-11
LONG,5183.42,5183.19,-1.0934079587418781e-10
LONG,5183.62,5183.23,-1.7756944439221526e-10
LONG,5188.16,5187.16,-4.34999549862005e-10
LONG,5187.36,5187.35,-4.134694134193939e-12
LONG,5186.87,5186.36,-2.024334133212969e-10
LONG,5182.16,5182.2,1.517774024957765e-11
LONG,5182.65,5181.38,-4.6275967371570786e-10
LONG,5183.16,5182.92,-8.287255545328539e-11
LONG,5183.55,5183.02,-1.7525275797881437e-10
LONG,5183.44,5181.4,-6.441392042125953e-10
LONG,5181.75,5170.0,-3.48981165833803e-09
LONG,5170.0,5169.76,-6.048214860453702e-11
LONG,5168.0,5168.0,0.0
LONG,5168.0,5167.79,-4.867366409437076e-11
LONG,5168.0,5168.0,0.0
LONG,5169.85,5171.88,4.3255101331446667e-10
LONG,5171.89,5171.88,-2.0865553635205826e-12
LONG,5171.88,5173.74,3.7253851094310803e-10
LONG,5173.82,5174.62,1.5664370433586496e-10
LONG,5174.62,5176.92,4.3574961875476327e-10
LONG,5176.92,5176.86,-1.1160251602690457e-11
LONG,5175.86,5176.09,4.105333049267013e-11
LONG,5173.11,5173.14,5.155222763817935e-12
LONG,5173.84,5172.35,-2.458405424495946e-10
LONG,5172.92,5172.31,-9.518738916457352e-11
LONG,5171.35,5170.91,-6.552826793519243e-11
LONG,5171.05,5172.9,2.633386208659336e-10
LONG,5173.02,5176.55,4.911770591651957e-10
LONG,5176.94,5177.83,1.2301468528241537e-10
LONG,5176.84,5176.66,-2.4098437933922308e-11
LONG,5176.67,5176.66,-1.2829636989193442e-12
LONG,5176.7,5176.15,-6.773327256321174e-11
LONG,5176.9,5177.02,1.4107959817391335e-11
LONG,5177.01,5176.0,-1.1412745661872386e-10
LONG,5176.63,5176.55,-8.590621684704492e-12
LONG,5177.0,5177.56,5.76783705465172e-11
LONG,5176.59,5176.63,3.977676916983576e-12
LONG,5177.19,5176.85,-3.246713801906728e-11
LONG,5177.13,5176.91,-2.0099044464236088e-11
LONG,5176.59,5176.09,-4.375992931615191e-11
LONG,5176.36,5177.4,8.694393577464016e-11
LONG,5177.83,5178.15,2.594316764756931e-11
LONG,5178.12,5178.38,2.0299643390421418e-11
LONG,5177.94,5177.94,0.0
LONG,5177.95,5177.94,-7.214489464349059e-13
LONG,5177.95,5177.94,-6.925212952117925e-13
LONG,5177.95,5177.94,-6.647535445047466e-13
LONG,5177.95,5177.71,-1.5314380469519518e-11
LONG,5178.19,5178.1,-5.499607470672193e-12
LONG,5178.06,5178.05,-5.86108263200556e-13
LONG,5178.06,5178.54,2.700515110411088e-11
LONG,5178.54,5178.54,0.0
LONG,5178.24,5177.85,-2.0318342256708572e-11
LONG,5178.39,5177.25,-5.6791003517355955e-11
LONG,5177.97,5177.92,-2.36396360642481e-12
LONG,5178.04,5177.95,-4.082818653805185e-12
LONG,5171.56,5170.1,-6.360511114214088e-11
LONG,5170.1,5170.42,1.3190073152543145e-11
LONG,5170.43,5170.56,5.160375460391808e-12
LONG,5170.56,5170.46,-3.815631145978358e-12
LONG,5170.85,5170.66,-6.952307918432295e-12
LONG,5170.74,5169.41,-4.663105489727682e-11
LONG,5170.62,5171.04,1.394743699661507e-11
LONG,5172.19,5170.15,-6.529011044436102e-11
LONG,5172.43,5176.3,1.164558233606219e-10
LONG,5176.29,5176.29,0.0
LONG,5176.58,5176.58,0.0
LONG,5171.0,5171.0,0.0
LONG,5171.0,5171.99,2.629579918813467e-11
LONG,5172.0,5171.02,-2.523317521360449e-11
LONG,5171.19,5171.19,0.0
LONG,5171.7,5173.4,3.994417000721965e-11
LONG,5173.83,5174.76,2.1327958151289673e-11
LONG,5174.5,5174.49,-2.2219110856760497e-13
LONG,5174.49,5174.5,2.1328239800236182e-13
LONG,5174.5,5177.24,5.6107338153026826e-11
LONG,5177.24,5177.21,-6.056787078735511e-13
LONG,5172.8,5172.79,-1.9392497878849755e-13
LONG,5172.8,5172.79,-1.861492274574046e-13
LONG,5172.8,5173.61,1.4473505904158039e-11
LONG,5177.54,5173.86,-6.358229198727662e-11
LONG,5174.55,5173.54,-1.61414647647357e-11
LONG,5171.55,5170.69,-1.3067837404937871e-11
LONG,5172.3,5170.45,-2.6748895499179343e-11
LONG,5170.07,5168.23,-2.507497102468391e-11
LONG,5168.59,5167.74,-1.0917121178159551e-11
LONG,5169.24,5167.45,-2.187869650729291e-11
LONG,5167.86,5167.42,-5.071085492570192e-12
LONG,5166.31,5166.55,2.644417913784394e-12
LONG,5165.58,5163.69,-2.0042982750808828e-11
LONG,5165.96,5162.89,-3.0656238139106705e-11
LONG,5163.99,5164.19,1.8586053589047213e-12
LONG,5164.43,5164.43,0.0
LONG,5164.44,5164.44,0.0
LONG,5166.14,5169.05,2.3963922937784286e-11
LONG,5170.25,5169.74,-4.146807515211746e-12
LONG,5169.84,5171.39,1.2037691471220679e-11
LONG,5171.7,5170.79,-6.888021971862875e-12
LONG,5172.01,5171.72,-2.0878356083802706e-12
LONG,5171.79,5171.6,-1.30939580922108e-12
LONG,5172.93,5171.31,-1.069487602672298e-11
LONG,5171.36,5168.01,-2.0891210296608284e-11
LONG,5159.96,5154.48,-3.1769997224179396e-11
LONG,5166.04,5144.35,-1.1390253838236596e-10
LONG,5154.39,5150.68,-1.4644757400756913e-11
LONG,5136.4,5129.19,-2.6389579672413835e-11
LONG,5132.44,5128.98,-1.1277013896093776e-11
LONG,5111.25,5109.22,-6.1539334526475274e-12
LONG,5113.23,5107.0,-1.774869036325883e-11
LONG,5079.5,5076.33,-8.17331555392416e-12
LONG,5083.23,5078.32,-1.1749415617919068e-11
LONG,5060.9,5057.7,-7.011991560275477e-12
LONG,5063.14,5064.6,2.9687546953526826e-12
LONG,5053.11,5053.01,-1.9852963231869198e-13
LONG,5060.69,5034.46,-4.986500123395055e-11
LONG,5068.98,5084.15,2.0175783145662923e-11
LONG,5089.62,5083.72,-8.671395944188082e-12
LONG,5090.59,5090.31,-3.711302692622497e-13
LONG,5087.61,5092.66,6.411192676031305e-12
LONG,5088.93,5100.71,1.509502878886069e-11
LONG,5107.17,5103.54,-4.985751677330505e-12
LONG,5105.69,5094.6,-1.4085221954442073e-11
LONG,5100.8,5092.57,-8.907532431923622e-12
LONG,5099.75,5101.49,1.6562671889743888e-12
LONG,5100.86,5098.42,-2.26879109493669e-12
LONG,5104.31,5101.63,-2.331071040665285e-12
LONG,5101.86,5099.11,-2.23453192691961e-12
LONG,5103.0,5102.48,-3.9414828159610093e-13
LONG,5099.83,5097.25,-1.868551577112498e-12
LONG,5100.95,5093.46,-5.069226744895877e-12
LONG,5109.65,5110.45,4.791974219868844e-13
LONG,5109.51,5118.7,5.327811118819761e-12
LONG,5126.09,5137.35,6.831409727335163e-12
LONG,5132.46,5137.49,3.260600877847449e-12
LONG,5136.91,5132.05,-3.1759456725705765e-12
LONG,5112.15,5109.73,-1.4503316985509114e-12
LONG,5111.14,5110.6,-3.030794621182753e-13
LONG,5112.13,5114.97,1.5214961645904316e-12
LONG,5116.99,5115.09,-1.0044943532386976e-12
LONG,5108.11,5108.75,3.1909120689733643e-13
LONG,5111.06,5113.59,1.2181466210950125e-12
LONG,5109.53,5108.61,-4.363335720290158e-13
LONG,5105.06,5103.93,-5.101136546189512e-13
LONG,5110.37,5105.69,-2.0027013088840748e-12
LONG,5110.83,5133.77,8.973508436281584e-12
LONG,5115.21,5117.2,9.211379937319683e-13
LONG,5119.2,5121.35,9.739823012441396e-13
LONG,5107.25,5102.5,-2.1158564851702355e-12
LONG,5106.26,5104.67,-6.471015262623999e-13
LONG,5104.76,5101.3,-1.3302899408599993e-12
LONG,5105.25,5103.26,-7.084967216274543e-13
LONG,5095.31,5095.24,-2.3484923409434696e-14
LONG,5096.04,5099.9,1.2421568658715147e-12
LONG,5105.58,5116.89,3.6249996362762164e-12
LONG,5101.94,5101.39,-1.8888280910314698e-13
LONG,5104.0,5100.75,-1.0650321938929084e-12
LONG,5101.01,5098.02,-9.099614302692535e-13
LONG,5099.51,5100.25,2.0965816977039205e-13
LONG,5086.25,5087.75,4.121373969301207e-13
LONG,5089.9,5079.86,-2.6869624839620297e-12
LONG,5087.0,5107.89,4.818205965560138e-12
LONG,5101.17,5096.42,-1.2730626721714023e-12
LONG,5100.16,5096.59,-8.741431011542174e-13
LONG,5105.54,5105.99,1.0181332601835294e-13
LONG,5105.76,5107.35,3.469205866814206e-13
LONG,5113.75,5111.95,-3.825448065642226e-13
LONG,5106.76,5109.39,5.274627706191217e-13
LONG,5114.74,5111.25,-6.888833755098276e-13
LONG,5112.5,5111.0,-2.7425303861346634e-13
LONG,5101.5,5099.01,-4.312963119329276e-13
LONG,5101.16,5099.24,-3.111645576889549e-13
LONG,5101.64,5103.31,2.5470300323930025e-13
LONG,5103.47,5113.0,1.4186166267663827e-12
LONG,5116.54,5122.5,9.321209226532997e-13
LONG,5126.27,5124.0,-3.608012449485125e-13
LONG,5131.09,5139.0,1.1779965392842906e-12
LONG,5140.33,5137.76,-3.9620346827883335e-13
LONG,5138.64,5145.8,1.032401653209584e-12
LONG,5141.0,5140.84,-2.3743339571247762e-14
LONG,5141.81,5139.5,-3.284972876121522e-13
LONG,5141.5,5140.51,-1.319974326213171e-13
LONG,5141.8,5141.66,-1.7738833940444268e-14
LONG,5142.1,5142.65,6.68019366278595e-14
LONG,5140.24,5128.9,-1.3300852660821435e-12
LONG,5140.75,5136.76,-3.975906542260567e-13
LONG,5135.85,5136.2,3.2157961625255205e-14
LONG,5138.25,5147.39,8.08673360558957e-13
LONG,5151.6,5150.26,-1.2403409400652027e-13
LONG,5151.31,5143.75,-6.627160950186302e-13
LONG,5146.62,5145.14,-1.1512945908654666e-13
LONG,5145.14,5143.8,-9.859825092356593e-14
LONG,5142.25,5137.64,-3.2140072312154466e-13
LONG,5139.2,5136.49,-1.7300898052819187e-13
LONG,5137.25,5148.01,6.415761518796848e-13
LONG,5150.81,5157.75,4.3941114222309734e-13
LONG,5165.5,5175.88,6.732661417777997e-13
LONG,5177.59,5178.0,2.8134660315910147e-14
LONG,5180.74,5180.94,1.3221529262750072e-14
LONG,5183.39,5180.72,-1.6970087830136216e-13
LONG,5171.18,5168.13,-1.8153180754400322e-13
LONG,5169.88,5168.0,-1.0414425123513832e-13
LONG,5167.99,5168.59,3.131489954999322e-14
LONG,5160.74,5159.14,-8.07640017640428e-14
LONG,5159.27,5165.79,3.1093350113131996e-13
LONG,5167.0,5166.76,-1.16929836561572e-14
LONG,5168.93,5167.83,-5.130544880267348e-14
LONG,5169.0,5172.95,1.749003883006023e-13
LONG,5173.6,5171.19,-1.0642386844620681e-13
LONG,5173.73,5170.07,-1.5138832857743315e-13
LONG,5172.24,5178.16,2.2647432438431094e-13
LONG,5180.88,5179.1,-6.915143359891943e-14
LONG,5177.73,5176.38,-4.9477230001796364e-14
LONG,5178.32,5177.5,-2.845553651944544e-14
LONG,5177.5,5178.5,3.304416512502591e-14
LONG,5178.74,5176.26,-7.944360577315407e-14
LONG,5176.35,5177.5,3.4498717206006395e-14
LONG,5174.23,5172.32,-5.5664974902786916e-14
LONG,5171.48,5179.1,2.092046452275287e-13
LONG,5182.8,5180.44,-6.682664706582545e-14
LONG,5182.99,5187.84,1.2870829955342783e-13
LONG,5193.32,5191.24,-5.5461709171778904e-14
LONG,5193.84,5188.11,-1.4359962969210892e-13
LONG,5185.99,5185.76,-5.223287211259674e-15
LONG,5183.85,5185.72,4.0691473414058184e-14
LONG,5183.6,5182.96,-1.3621179463648982e-14
LONG,5183.6,5182.75,-1.7255279978035362e-14
LONG,5179.97,5178.34,-3.1516618569364755e-14
LONG,5167.57,5187.31,3.6126978449448914e-13
LONG,5191.61,5187.5,-8.617011818271983e-14
LONG,5188.5,5184.3,-8.109638799129727e-14
LONG,5185.42,5180.74,-8.314042964984782e-14
LONG,5175.25,5178.82,5.813527056331183e-14
LONG,5182.25,5186.16,6.323479042148372e-14
LONG,5186.26,5185.78,-7.739072095049048e-15
LONG,5187.67,5184.51,-4.8661839819293204e-14
LONG,5186.9,5223.0,5.168172268888837e-13
LONG,5217.25,5208.29,-1.6678727112447716e-13
LONG,5210.1,5211.93,2.9816800029809465e-14
LONG,5202.99,5213.41,1.6619269833511236e-13
LONG,5212.15,5211.22,-1.5696683727152857e-14
LONG,5218.59,5211.99,-1.05815033694621e-13
LONG,5211.65,5211.5,-2.1594283825484202e-15
LONG,5217.62,5227.0,1.2929229278746482e-13
LONG,5232.24,5232.3,8.658323813146092e-16
LONG,5236.66,5235.34,-1.8281853397354488e-14
LONG,5231.24,5230.5,-9.719797771209859e-15
LONG,5231.5,5232.64,1.4268133626122937e-14
LONG,5234.5,5233.59,-1.1051603355329694e-14
LONG,5228.48,5228.75,3.1229629045887444e-15
LONG,5228.83,5227.85,-1.0910316311033207e-14
LONG,5228.35,5229.76,1.4923804087582194e-14
LONG,5229.39,5228.5,-9.168336504489808e-15
LONG,5230.27,5228.76,-1.479814462223792e-14
LONG,5225.12,5215.77,-8.672781697519998e-14
LONG,5195.63,5193.3,-1.892020565697064e-14
LONG,5196.47,5196.12,-2.6642237873501774e-15
LONG,5201.79,5200.74,-7.638217263110307e-15
LONG,5197.13,5196.0,-7.815374179074379e-15
LONG,5201.5,5203.97,1.6200422477626875e-14
LONG,5194.5,5188.72,-3.734389443073518e-14
LONG,5190.49,5195.75,3.0757114852885495e-14
LONG,5198.0,5197.65,-2.0653823773161118e-15
LONG,5198.25,5196.01,-1.2644581103694446e-14
LONG,5197.74,5195.26,-1.313892561814388e-14
LONG,5195.01,5195.99,4.862956686325433e-15
LONG,5195.0,5191.75,-1.5634148801020858e-14
LONG,5194.83,5197.48,1.1839405004685739e-14
LONG,5197.36,5196.01,-5.94102178916089e-15
LONG,5195.51,5190.0,-2.2971374501795786e-14
LONG,5191.79,5194.19,9.08117630432708e-15
LONG,5192.08,5192.51,1.599464485974973e-15
LONG,5192.93,5190.51,-8.677411430410187e-15
LONG,5192.51,5193.4,2.9894805591714114e-15
LONG,5197.12,5194.69,-7.898708561298153e-15
LONG,5195.35,5195.41,1.827295839016785e-16
LONG,5193.0,5192.71,-8.487589728575511e-16
LONG,5195.57,5209.14,3.799767846144838e-14
LONG,5210.19,5208.25,-5.907450618041368e-15
LONG,5212.6,5216.53,1.126037437654468e-14
LONG,5216.25,5213.5,-7.855631978424001e-15
LONG,5213.01,5215.0,5.3106285769527206e-15
LONG,5217.84,5211.25,-1.7202592539745077e-14
LONG,5215.6,5215.19,-9.60255976185865e-16
LONG,5215.26,5212.74,-5.64313912212437e-15
LONG,5202.0,5203.32,2.773300590744378e-15
LONG,5205.17,5204.57,-1.225408052343348e-15
LONG,5206.15,5217.3,2.172588933479776e-14
LONG,5219.0,5214.69,-8.939040043094506e-15
LONG,5213.74,5213.1,-1.2206789934593644e-15
LONG,5208.93,5208.79,-2.5493823821289156e-16
LONG,5208.01,5208.02,1.7460081931727082e-17
LONG,5204.75,5204.49,-4.36120203949152e-16
LONG,5204.5,5206.74,3.5978338391445604e-15
LONG,5208.75,5206.75,-3.1503866046530043e-15
LONG,5207.05,5205.32,-2.564579686043748e-15
LONG,5202.74,5201.75,-1.3856455773306219e-15
LONG,5200.89,5199.72,-1.557045013098903e-15
LONG,5201.99,5202.87,1.1108533891190554e-15
LONG,5205.3,5201.69,-4.410465524243714e-15
LONG,5197.61,5197.68,7.925096693115991e-17
LONG,5197.85,5197.47,-4.1328125819579923e-16
LONG,5198.36,5196.35,-2.090399665795096e-15
LONG,5197.86,5196.58,-1.2523258425162144e-15
LONG,5191.73,5193.23,1.392431655015084e-15
LONG,5193.45,5193.54,8.138352689977961e-17
LONG,5187.17,5185.0,-1.887739613360461e-15
LONG,5183.48,5185.44,1.6023138755389954e-15
LONG,5184.58,5184.75,1.360147546173472e-16
LONG,5186.89,5184.69,-1.6919141070662836e-15
LONG,5186.21,5187.44,8.881441414224977e-16
LONG,5187.68,5190.75,2.1537460729663374e-15
LONG,5189.65,5191.56,1.3254837624800857e-15
LONG,5185.0,5186.3,8.834617984736083e-16
LONG,5191.22,5187.96,-2.15201289182972e-15
LONG,5187.69,5183.45,-2.6008286276311335e-15
LONG,5183.84,5183.9,3.3852494693909524e-17
LONG,5183.75,5182.84,-4.931978993478071e-16
LONG,5183.9,5193.27,4.83044780302301e-15
LONG,5180.4,5171.92,-4.594802054128899e-15
LONG,5178.61,5172.7,-2.8129534229310374e-15
LONG,5177.33,5177.75,1.8054224241929279e-16
LONG,5181.11,5179.6,-6.253038750939927e-16
LONG,5170.12,5180.64,4.127411864167317e-15
LONG,5186.6,5187.23,2.615901486805815e-16
LONG,5191.05,5187.12,-1.5751065441381017e-15
LONG,5187.85,5188.14,1.0724472072516614e-16
LONG,5178.89,5173.07,-2.075797342431535e-15
LONG,5172.2,5171.89,-1.0005793813799304e-16
LONG,5173.31,5171.73,-4.879401992655985e-16
LONG,5169.93,5167.95,-5.780469655278048e-16
LONG,5172.37,5169.5,-7.879381633966244e-16
LONG,5170.09,5167.24,-7.297545280831152e-16
LONG,5171.41,5172.5,2.601729969034278e-16
LONG,5173.5,5175.74,5.18703566199456e-16
LONG,5172.31,5172.25,-1.3641894178132984e-17
LONG,5164.0,5167.49,7.625280476783273e-16
LONG,5169.13,5169.43,6.50743530630408e-17
LONG,5170.75,5171.75,2.0880169148410922e-16
LONG,5174.75,5177.24,5.037553300779531e-16
LONG,5177.54,5176.67,-1.7311010488650747e-16
LONG,5173.18,5174.49,2.482518372970083e-16
LONG,5175.49,5176.14,1.197567755612803e-16
LONG,5177.68,5178.55,1.5481888640953287e-16
LONG,5181.71,5179.11,-4.477071798985115e-16
LONG,5178.41,5178.34,-1.1276163950944283e-17
LONG,5177.25,5176.74,-7.883082176054332e-17
LONG,5177.68,5175.59,-3.085123092220758e-16
LONG,5177.58,5176.46,-1.5537898724061384e-16
LONG,5176.66,5176.65,-1.3170429311717707e-18
LONG,5177.38,5174.79,-3.273910584494258e-16
LONG,5173.49,5173.48,-1.1827543797108369e-18
LONG,5173.84,5172.93,-1.0330802726106898e-16
LONG,5174.32,5168.4,-6.392150002725384e-16
LONG,5164.36,5159.59,-4.658630453787578e-16
LONG,5149.38,5153.21,3.4280819523403745e-16
LONG,5156.95,5152.71,-3.7787771044227394e-16
LONG,5136.36,5141.27,4.037014716706882e-16
LONG,5146.26,5150.59,3.5809237404605287e-16
LONG,5156.74,5152.77,-3.283255442656986e-16
LONG,5151.78,5152.28,3.8141110340316486e-17
LONG,5152.92,5155.44,1.8543338065644052e-16
LONG,5157.52,5165.11,5.493282447337207e-16
LONG,5165.8,5169.4,2.688614308373809e-16
LONG,5151.71,5152.23,3.874045090315186e-17
LONG,5152.01,5151.27,-5.320044374954875e-17
LONG,5151.3,5151.43,8.906263477855536e-18
LONG,5150.5,5149.79,-4.6764839765240644e-17
LONG,5150.83,5150.5,-2.0715138043387317e-17
LONG,5149.65,5149.75,6.007481638867888e-18
LONG,5150.62,5149.03,-9.177361910207721e-17
LONG,5149.33,5148.55,-4.253565415251717e-17
LONG,5143.74,5141.16,-1.341466674286947e-16
LONG,5142.55,5145.56,1.4635157646239965e-16
LONG,5146.47,5143.26,-1.5428112733541922e-16
LONG,5143.03,5151.55,3.8059271857083247e-16
LONG,5152.69,5152.69,0.0
LONG,5153.8,5166.74,5.774545837209879e-16
LONG,5165.3,5165.81,2.4649655798122987e-17
LONG,5167.79,5168.93,5.314154831974364e-17
LONG,5177.76,5177.29,-2.1233459748690956e-17
LONG,5179.0,5181.39,1.031404717560745e-16
LONG,5186.75,5180.28,-2.7407422860214056e-16
LONG,5178.44,5177.76,-2.589728662556279e-17
LONG,5178.91,5177.56,-4.901503158944376e-17
LONG,5177.77,5177.01,-2.6135865369744542e-17
LONG,5176.63,5174.52,-6.914143598673577e-17
LONG,5175.01,5174.54,-1.4475653819145547e-17
LONG,5177.52,5182.49,1.4618315571733606e-16
LONG,5183.28,5181.9,-4.086840250685545e-17
LONG,5181.98,5187.44,1.5311388269971064e-16
LONG,5187.42,5186.88,-1.531878436231454e-17
LONG,5187.64,5185.89,-4.7397933602155387e-17
LONG,5183.16,5182.15,-2.5821875074359207e-17
LONG,5178.45,5177.99,-1.1185575057055445e-17
LONG,5179.19,5178.15,-2.4161742292507434e-17
LONG,5175.68,5174.08,-3.533562018397151e-17
LONG,5174.54,5173.43,-2.3159560689393525e-17
LONG,5176.15,5175.5,-1.2869906755027471e-17
LONG,5177.15,5171.98,-9.760880272990682e-17
LONG,5167.24,5167.25,1.721453804576479e-19
LONG,5168.56,5171.23,4.4117479606040873e-17
LONG,5174.75,5178.1,5.4503146370949096e-17
LONG,5179.77,5179.59,-2.903324418919732e-18
LONG,5181.65,5175.52,-9.471311111695737e-17
LONG,5170.65,5161.99,-1.2079001265603485e-16
LONG,5150.9,5148.47,-2.9812395908946666e-17
LONG,5156.96,5158.1,1.3081193100621667e-17
LONG,5160.02,5153.57,-7.182664237498608e-17
LONG,5152.71,5143.49,-9.227731154048538e-17
LONG,5145.2,5138.45,-5.889363602007915e-17
LONG,5129.24,5128.3,-7.358056357842972e-18
LONG,5130.19,5133.18,2.2250016909387117e-17
LONG,5137.49,5134.94,-1.8742821992630274e-17
LONG,5136.83,5127.54,-6.386428299220305e-17
LONG,5133.58,5137.03,2.0635977821071166e-17
LONG,5134.75,5134.23,-3.0897051504641903e-18
LONG,5132.01,5128.9,-1.7655476658122164e-17
LONG,5127.65,5123.54,-2.1710366777556475e-17
LONG,5117.6,5113.5,-1.9962053574874495e-17
LONG,5114.51,5114.0,-2.285634591567988e-18
LONG,5115.81,5112.01,-1.6259933373544573e-17
LONG,5114.94,5109.01,-2.3420311200426517e-17
LONG,5110.8,5109.01,-6.381954520803654e-18
LONG,5105.3,5100.94,-1.4666531296865495e-17
LONG,5100.46,5094.78,-1.7543011405833063e-17
LONG,5095.4,5102.2,1.901107276121595e-17
LONG,5103.14,5098.35,-1.3728328244153832e-17
LONG,5099.9,5097.03,-7.51508862396289e-18
LONG,5081.73,5095.02,3.2544208330410346e-17
LONG,5098.0,5098.31,8.253374926765023e-19
LONG,5098.31,5105.6,1.869024362793985e-17
LONG,5095.65,5095.05,-1.587523329180364e-18
LONG,5098.71,5102.62,9.864690706373002e-18
LONG,5101.19,5103.85,6.696537157732387e-18
LONG,5107.82,5106.49,-3.2973146307521713e-18
LONG,5106.31,5105.5,-1.9022208435600274e-18
LONG,5105.61,5107.2,3.55548943579659e-18
LONG,5107.86,5107.31,-1.1993053383132591e-18
LONG,5108.0,5115.61,1.584045398224613e-17
LONG,5115.88,5115.39,-1.0534739289922383e-18
LONG,5118.39,5117.09,-2.668434081697638e-18
LONG,5117.48,5122.56,9.879605103413388e-18
LONG,5123.8,5121.6,-4.314374912690012e-18
LONG,5122.86,5120.92,-3.571260414106685e-18
LONG,5117.6,5128.88,1.956101055509812e-17
LONG,5128.8,5127.01,-3.3146376543629067e-18
LONG,5124.68,5122.78,-3.3188422016666246e-18
LONG,5117.59,5114.01,-5.895447630229751e-18
LONG,5114.99,5112.3,-4.099704110344158e-18
LONG,5112.58,5117.27,6.6770160279754604e-18
LONG,5118.2,5115.89,-3.3042824835257103e-18
LONG,5106.6,5106.51,-1.209565480442063e-19
LONG,5106.05,5106.72,8.637353485354622e-19
LONG,5106.2,5108.76,3.189782835770726e-18
LONG,5108.71,5106.86,-2.269556764736703e-18
LONG,5110.32,5106.78,-4.089161615272603e-18
LONG,5103.3,5100.11,-3.414482462981528e-18
LONG,5104.8,5106.6,1.788834048393976e-18
LONG,5095.61,5091.81,-3.698582312936942e-18
LONG,5090.21,5087.04,-2.8499094130953084e-18
LONG,5092.3,5086.57,-4.782923241726381e-18
LONG,5082.45,5092.3,7.444711909431396e-18
LONG,5090.67,5089.4,-1.0128202677628408e-18
LONG,5076.54,5075.01,-1.1593542713218556e-18
LONG,5074.0,5080.1,4.3698758658854735e-18
LONG,5088.18,5085.41,-2.0185706535620573e-18
LONG,5088.58,5091.81,2.195365061721496e-18
LONG,5091.98,5089.2,-1.872622416530576e-18
LONG,5087.6,5088.78,7.419917270483976e-19
LONG,5089.19,5088.4,-4.824945958621248e-19
LONG,5091.3,5090.77,-3.081097961599679e-19
LONG,5091.0,5089.1,-1.0546735087439035e-18
LONG,5086.5,5083.43,-1.6055718833058924e-18
LONG,5090.88,5094.0,1.5158854249599073e-18
LONG,5089.19,5092.31,1.5021814268236292e-18
LONG,5092.16,5093.04,4.194820340024761e-19
LONG,5093.29,5108.87,7.192219969894019e-18
LONG,5111.11,5111.2,4.607565750450932e-20
LONG,5118.2,5115.36,-1.395129553791596e-18
LONG,5116.32,5109.35,-3.19314387289439e-18
LONG,5113.52,5107.01,-2.6613368851735375e-18
LONG,5100.83,5103.73,1.0652681460033861e-18
LONG,5103.35,5096.39,-2.525777966603122e-18
LONG,5087.92,5088.0,2.5968676009662473e-20
LONG,5078.0,5068.45,-2.984264919127361e-18
LONG,5053.0,5063.89,2.96133620634674e-18
LONG,5067.48,5063.12,-1.262288973472176e-18
LONG,5054.9,5042.0,-3.433155521981212e-18
LONG,5041.57,5036.3,-1.1704884472378144e-18
LONG,5037.94,5041.36,6.899923715421157e-19
LONG,5042.53,5050.39,1.5747098133140978e-18
LONG,5051.14,5049.25,-3.92334820657069e-19
LONG,5048.49,5058.75,2.0058152668748356e-18
LONG,5060.64,5059.13,-3.1262723271397844e-19
LONG,5049.95,5048.1,-3.6274899237699923e-19
LONG,5045.45,5039.93,-1.0201454120111227e-18
LONG,5047.5,5044.86,-4.415005125182913e-19
LONG,5047.54,5045.0,-3.966697595046832e-19
LONG,5046.52,5047.35,1.21197452683674e-19
LONG,5041.41,5038.58,-4.0051238856438987e-19
LONG,5026.45,5020.37,-8.04272009036139e-19
LONG,5021.7,5017.9,-4.525772183727435e-19
LONG,5020.18,5020.59,4.504281847260444e-20
LONG,5020.36,5020.41,5.2955376101357815e-21
LONG,5014.29,5013.15,-1.1610921239953001e-19
LONG,5016.33,5018.52,2.1150722330888517e-19
LONG,5021.52,5024.41,2.7375477162651057e-19
LONG,5025.4,5025.41,9.3588253326348e-22
LONG,5026.54,5027.51,8.713864286662597e-20
LONG,5028.35,5030.45,1.8285831962862303e-19
LONG,5028.2,5028.36,1.3665995022441326e-20
LONG,5028.83,5028.71,-9.854582400970196e-21
LONG,5028.92,5037.25,6.558811259345003e-19
LONG,5038.45,5038.54,7.375583287378608e-21
LONG,5036.61,5037.05,3.466092080391179e-20
LONG,5035.3,5035.28,-1.5197508676204746e-21
LONG,5035.35,5035.21,-1.0210510860512851e-20
LONG,5031.77,5033.65,1.3153090017385992e-19
LONG,5035.5,5031.44,-2.777871369137591e-19
LONG,5031.68,5031.74,3.778322316380757e-21
LONG,5032.34,5031.68,-3.9918617589338097e-20
LONG,5034.44,5033.59,-4.8996218476803756e-20
LONG,5034.0,5032.35,-9.051057629730852e-20
LONG,5036.11,5039.67,1.8419318981066927e-19
LONG,5039.75,5038.05,-8.748348260525049e-20
LONG,5035.63,5035.17,-2.2343977667045264e-20
LONG,5035.25,5035.25,0.0
LONG,5035.26,5035.25,-4.455587767192e-22
LONG,5037.86,5034.65,-1.3721833079712234e-19
LONG,5035.41,5033.88,-6.073204307818384e-20
LONG,5034.88,5032.54,-8.77664663581239e-20
LONG,5033.16,5031.5,-5.834373623146762e-20
LONG,5032.07,5032.07,0.0
LONG,5032.08,5030.5,-5.0309598108160764e-20
LONG,5030.34,5029.98,-1.0828140804387216e-20
LONG,5029.97,5029.54,-1.2370879356594265e-20
LONG,5029.95,5029.52,-1.182319221064657e-20
LONG,5029.52,5031.55,5.3349690554835566e-20
LONG,5031.89,5033.33,3.7076300843170435e-20
LONG,5032.53,5032.52,-2.508260957025823e-22
LONG,5032.53,5032.52,-2.4076812142934274e-22
LONG,5032.53,5032.52,-2.311134658227586e-22
LONG,5029.66,5029.64,-4.43945089427874e-22
LONG,5028.42,5028.42,0.0
LONG,5029.7,5028.42,-2.6179313446747505e-20
LONG,5026.6,5027.5,1.744747390608623e-20
LONG,5028.45,5026.6,-3.4737838603047483e-20
LONG,5027.28,5026.61,-1.1848739154536489e-20
LONG,5025.77,5026.32,9.275459466027132e-21
LONG,5026.47,5027.16,1.123310855329788e-20
LONG,5023.93,5023.73,-3.1496651260297296e-21
LONG,5024.1,5025.52,2.1422862576783935e-20
LONG,5026.05,5025.54,-7.492142728066359e-21
LONG,5025.53,5025.53,0.0
LONG,5025.55,5024.29,-1.6970312629969696e-20
LONG,5024.29,5024.29,0.0
LONG,5024.29,5024.29,0.0
LONG,5024.29,5026.77,2.9173114068091796e-20
LONG,5027.9,5028.1,2.3149412893539508e-21
LONG,5028.1,5025.5,-2.8949146294479056e-20
LONG,5025.5,5024.91,-6.139721620193749e-21
LONG,5023.42,5022.23,-1.1820337340428717e-20
LONG,5021.62,5021.92,2.826423260783852e-21
LONG,5023.05,5023.04,-9.070102840894793e-23
LONG,5023.05,5023.38,2.8731105208653076e-21
LONG,5023.64,5023.98,2.8511524646444854e-21
LONG,5023.98,5023.97,-8.078132118317295e-23
LONG,5024.04,5023.85,-1.473280890481839e-21
LONG,5023.86,5023.33,-3.937658085870197e-21
LONG,5023.33,5023.33,0.0
LONG,5023.34,5022.51,-5.652412215420894e-21
LONG,5023.15,5025.5,1.523197373974238e-20
LONG,5025.5,5025.49,-6.370999845336901e-23
LONG,5025.5,5025.5,0.0
LONG,5025.5,5025.49,-5.870904701486407e-23
LONG,5021.55,5021.56,5.63991709486023e-23
LONG,5021.56,5021.55,-5.414870974508249e-23
LONG,5021.56,5020.79,-4.0022573032923955e-21
LONG,5020.47,5019.32,-5.69369059717995e-21
LONG,5019.52,5020.01,2.30160608322351e-21
LONG,5020.52,5020.5,-9.062567427144479e-23
LONG,5020.5,5020.21,-1.2612525652515664e-21
LONG,5020.52,5020.54,8.325196546597718e-23
LONG,5020.55,5018.77,-7.114480655022431e-21
LONG,5020.02,5020.02,0.0
LONG,5020.38,5019.3,-3.90486755810775e-21
LONG,5019.29,5019.29,0.0
LONG,5019.3,5019.3,0.0
LONG,5019.25,5019.26,3.163724095529015e-23
LONG,5019.3,5021.4,6.378665803689925e-21
LONG,5019.74,5019.74,0.0
LONG,5019.75,5018.78,-2.774240709623726e-21
LONG,5018.17,5018.74,1.5497455019080027e-21
LONG,5018.75,5018.74,-2.6252294281604294e-23
LONG,5020.02,5019.16,-2.1666161351091293e-21
LONG,5019.27,5018.15,-2.6849961818939853e-21
LONG,5017.74,5017.65,-2.0478251773303149e-22
LONG,5018.11,5017.87,-5.237146911846518e-22
LONG,5019.8,5019.82,4.177869838173231e-23
LONG,5019.83,5019.82,-2.005781507812156e-23
LONG,5019.83,5020.6,1.4825197939429672e-21
LONG,5020.6,5020.59,-1.8628113536268737e-23
LONG,5021.42,5021.42,0.0
LONG,5021.42,5020.0,-2.437158008120657e-21
LONG,5018.64,5019.3,1.0720235062221318e-21
LONG,5017.9,5017.74,-2.5123433488897295e-22
LONG,5017.42,5016.83,-8.87976901467323e-22
LONG,5016.02,5016.0,-2.872784172888222e-23
LONG,5015.61,5015.6,-1.378762624852275e-23
LONG,5012.38,5012.9,6.886502847933106e-22
LONG,5012.89,5012.89,0.0
LONG,5012.34,5012.89,6.749061362761419e-22
LONG,5014.83,5014.94,1.3025754240712295e-22
LONG,5014.0,5013.52,-5.4637425453258e-22
LONG,5010.23,5010.22,-1.0881159914553114e-23
LONG,5004.02,5003.56,-4.810583052223027e-22
LONG,5005.34,5008.72,3.376199646170997e-21
LONG,5008.99,5012.94,3.9180436099171876e-21
LONG,5012.56,5012.67,1.0896840033275612e-22
LONG,5008.88,5009.01,1.238617845780008e-22
LONG,5006.13,5007.01,8.064414157125728e-22
LONG,5005.39,5006.72,1.1809560010545944e-21
LONG,5006.95,5006.32,-5.44283607258768e-22
LONG,5006.97,5006.2,-6.344367244983822e-22
LONG,5007.25,5008.89,1.2867507235725493e-21
LONG,5008.12,5007.06,-8.1188642922121485e-22
LONG,5003.0,5003.41,2.984507330869205e-22
LONG,5004.06,5002.7,-9.542362994127742e-22
LONG,5001.44,5000.5,-6.245247072212575e-22
LONG,4998.99,4998.6,-2.464316597848503e-22
LONG,4993.58,4993.5,-4.8383177838206704e-23
LONG,4993.48,4992.78,-4.0608757271536385e-22
LONG,4990.27,4990.16,-6.085287102936918e-23
LONG,4991.51,4994.19,1.4213054711557029e-21
LONG,4993.3,4992.03,-6.64423702525794e-22
LONG,4995.0,4992.78,-1.0998258678551176e-21
